criterion,direction,,,,,
c1,1,,,,,
c2,1,,,,,
c3,1,,,,,
c4,1,,,,,
,,,,,,
category,rank,,,,,
cat4,1,,,,,
cat3,2,,,,,
cat2,3,,,,,
cat1,4,,,,,
,,,,,,
pt,c1,c2,c3,c4,score,assignment
a1,0.928571,0.428571,0.923077,0.142857,2,cat2
a2,0.142857,0.5,0.692308,0.142857,1,cat1
a3,0.857143,0.571429,0.538462,0.428571,3,cat3
a4,0.5,0.714286,0.615385,0.928571,3,cat3
a5,0.928571,0.428571,0.384615,0,2,cat2
a6,0.714286,0.928571,0.384615,0,3,cat3
a7,0.857143,0.642857,0.769231,0.428571,2,cat2
a8,0.071429,0.214286,0.769231,0.5,1,cat1
a9,0.571429,0.357143,0.769231,0.142857,1,cat1
a10,0.5,0.214286,0.538462,0,1,cat1
a11,1,0.785714,1,1,4,cat4
a12,0.928571,0.428571,0.923077,0.142857,3,cat3
a13,1,0.785714,1,1,4,cat4
a14,0.5,0.214286,0.538462,0,1,cat1
a15,0.142857,0.642857,0.538462,0.357143,2,cat2
a16,0.642857,0.214286,0.769231,0.357143,2,cat2
a17,0.857143,0.285714,0.384615,0.928571,2,cat2
a18,0.642857,0.214286,0.769231,0.357143,1,cat1
a19,0.214286,0.142857,0,1,1,cat1
a20,0.857143,0.428571,0.307692,0.714286,1,cat1
a21,0.642857,0.142857,0.538462,0.714286,3,cat3
a22,0.357143,0.928571,0,0.785714,3,cat3
a23,0.857143,0.714286,0.923077,0.5,4,cat4
a24,0.714286,0.214286,0.461538,1,1,cat1
a25,0.857143,0.428571,0.307692,0.714286,2,cat2
a26,0.571429,0.857143,0.461538,0.071429,3,cat3
a27,0.714286,0.142857,1,0.285714,2,cat2
a28,0.642857,0.142857,0.538462,0.714286,3,cat3
a29,0,0.357143,0.538462,0.142857,1,cat1
a30,0.857143,0.285714,0.692308,1,2,cat2
a31,0.785714,0.928571,0.769231,0.071429,4,cat4
a32,0.571429,0.857143,0.461538,0.071429,2,cat2
a33,0.857143,0.714286,0.923077,0.5,4,cat4
a34,0.142857,1,0.153846,0.642857,4,cat4
a35,0.142857,0.071429,0.384615,0.071429,2,cat2
a36,0.928571,0.428571,0.384615,0,1,cat1
a37,0.142857,1,0.153846,0.642857,1,cat1
a38,0.714286,0.5,0.076923,0.428571,2,cat2
a39,0.857143,0.642857,0.769231,0.428571,3,cat3
a40,0.928571,0.428571,0.923077,0.142857,2,cat2
a41,0.571429,0.857143,0.461538,0.071429,3,cat3
a42,0.857143,0.285714,0.384615,0.928571,1,cat1
a43,1,0.142857,0.307692,0.071429,1,cat1
a44,0.571429,0.428571,0.307692,0.357143,1,cat1
a45,0.928571,0.428571,0.923077,0.142857,1,cat1
a46,0.071429,0.142857,0.923077,0.285714,1,cat1
a47,0.714286,0.142857,1,0.285714,2,cat2
a48,1,0,0.461538,0,1,cat1
a49,0.142857,0.5,0.692308,0.142857,1,cat1
a50,0.928571,0.428571,0.384615,0,1,cat1
a51,0.214286,0.214286,0.384615,0.642857,1,cat1
a52,0.357143,0.5,0.230769,0.857143,1,cat1
a53,0.928571,0.428571,0.923077,0.142857,2,cat2
a54,0.857143,0.428571,0.307692,0.714286,1,cat1
a55,0.142857,0.5,0.692308,0.142857,1,cat1
a56,0.071429,0.142857,0.923077,0.428571,1,cat1
a57,0.142857,0.071429,0.384615,0.071429,1,cat1
a58,0.857143,0.571429,0.538462,0.428571,3,cat3
a59,0.5,0.857143,0.461538,0.285714,3,cat3
a60,0.142857,1,0.153846,0.642857,2,cat2
a61,0.5,0.714286,0.615385,0.928571,3,cat3
a62,0.928571,0.642857,0.153846,0.571429,3,cat3
a63,0.071429,0.142857,0.923077,0.428571,3,cat3
a64,0.142857,0.071429,0.384615,0.071429,1,cat1
a65,1,0,0.461538,0,1,cat1
a66,0,0.357143,0.538462,0.142857,1,cat1
a67,0.357143,0.5,0.230769,0.857143,2,cat2
a68,1,0.785714,1,1,4,cat4
a69,0.928571,0.428571,0.384615,0,3,cat3
a70,0.857143,0.428571,0.307692,0.714286,2,cat2
a71,0.357143,0.928571,0,0.785714,3,cat3
a72,0,0.357143,0.538462,0.142857,1,cat1
a73,1,0.785714,1,1,4,cat4
a74,0.714286,0.214286,0.461538,1,2,cat2
a75,0.571429,0.857143,0.461538,0.071429,2,cat2
a76,0.714286,0.5,0.076923,0.428571,3,cat3
a77,0.071429,0.142857,0.923077,0.285714,1,cat1
a78,0.928571,0.642857,0.153846,0.571429,3,cat3
a79,0.857143,0.428571,0.307692,0.714286,3,cat3
a80,0.642857,0.214286,0.769231,0.357143,2,cat2
a81,0.642857,0.142857,0.538462,0.714286,2,cat2
a82,0.571429,0.857143,0.461538,0.071429,3,cat3
a83,0.714286,0.214286,0.461538,1,1,cat1
a84,0.142857,1,0.153846,0.642857,1,cat1
a85,0,0.357143,0.538462,0.142857,3,cat3
a86,0.5,0.714286,0.615385,0.928571,2,cat2
a87,0.928571,0.642857,0.153846,0.571429,3,cat3
a88,0.714286,0.142857,1,0.285714,1,cat1
a89,0.642857,0.571429,0.384615,0.142857,2,cat2
a90,0.214286,0.142857,0,1,1,cat1
a91,0.214286,0.142857,0,1,1,cat1
a92,0.142857,0.5,0.692308,0.142857,1,cat1
a93,0.857143,0.571429,0.538462,0.428571,3,cat3
a94,0.928571,0.642857,0.153846,0.571429,3,cat3
a95,0.5,0.857143,0.461538,0.285714,2,cat2
a96,0.214286,0.428571,0.153846,0.857143,2,cat2
a97,0.571429,0.428571,0.307692,0.357143,2,cat2
a98,0.071429,0.142857,0.923077,0.428571,1,cat1
a99,0.142857,0.5,0.692308,0.142857,2,cat2
a100,0.571429,0.357143,0.769231,0.142857,2,cat2
a101,0.928571,0.214286,0.461538,0.428571,1,cat1
a102,0.214286,0.428571,0.153846,0.857143,1,cat1
a103,0.857143,0.642857,0.769231,0.428571,3,cat3
a104,0.214286,0.214286,0.384615,0.642857,1,cat1
a105,0.5,0.714286,0.615385,0.928571,2,cat2
a106,0.642857,0.571429,0.384615,0.142857,3,cat3
a107,0.071429,0.142857,0.923077,0.285714,1,cat1
a108,0.5,0.214286,0.538462,0,3,cat3
a109,0.857143,0.714286,0.923077,0.5,4,cat4
a110,0,0.357143,0.538462,0.142857,1,cat1
a111,0.571429,0.357143,0.769231,0.142857,2,cat2
a112,0.214286,0.428571,0.153846,0.857143,1,cat1
a113,0.357143,0.928571,0,0.785714,3,cat3
a114,0.857143,0.642857,0.769231,0.428571,3,cat3
a115,0.5,0.714286,0.615385,0.928571,4,cat4
a116,0.357143,0.928571,0,0.785714,2,cat2
a117,0,0.714286,0.923077,0.5,1,cat1
a118,0.5,0.714286,0.615385,0.928571,2,cat2
a119,0.5,0.857143,0.461538,0.285714,3,cat3
a120,0.357143,0.928571,0,0.785714,2,cat2
a121,0.571429,0.857143,0.461538,0.071429,2,cat2
a122,0,0.714286,0.923077,0.5,1,cat1
a123,0,0.357143,0.538462,0.142857,1,cat1
a124,0.714286,0.928571,0.384615,0,3,cat3
a125,0.857143,0.285714,0.384615,0.928571,1,cat1
a126,0.571429,0.857143,0.461538,0.071429,3,cat3
a127,1,0.785714,1,1,3,cat3
a128,0.357143,0.928571,0,0.785714,3,cat3
a129,0,0.714286,0.923077,0.5,3,cat3
a130,0.642857,0.571429,0.384615,0.142857,2,cat2
a131,0.571429,0.428571,0.307692,0.357143,2,cat2
a132,0.928571,0.214286,0.461538,0.428571,2,cat2
a133,1,0.285714,0.615385,1,2,cat2
a134,0.071429,0.214286,0.769231,0.5,1,cat1
a135,0.714286,0.142857,1,0.285714,2,cat2
a136,0.5,0.214286,0.538462,0,1,cat1
a137,0.214286,0.428571,0.153846,0.857143,1,cat1
a138,0.571429,0.357143,0.769231,0.142857,2,cat2
a139,0.071429,0.642857,0.307692,0.071429,2,cat2
a140,0.357143,0.5,0.230769,0.857143,1,cat1
a141,0.714286,0.928571,0.384615,0,1,cat1
a142,0.785714,0.928571,0.769231,0.071429,3,cat3
a143,0.857143,0.285714,0.384615,0.928571,1,cat1
a144,0.571429,0.857143,0.461538,0.071429,2,cat2
a145,0.857143,0.642857,0.769231,0.428571,1,cat1
a146,0.714286,0.214286,0.461538,1,1,cat1
a147,1,0.285714,0.615385,1,3,cat3
a148,0.714286,0.928571,0.384615,0,2,cat2
a149,0.714286,0.142857,1,0.285714,2,cat2
a150,0.642857,0.142857,0.538462,0.714286,2,cat2
a151,0.071429,0.214286,0.769231,0.5,2,cat2
a152,0.571429,0.428571,0.307692,0.357143,2,cat2
a153,0.857143,0.285714,0.692308,1,2,cat2
a154,0.5,0.214286,0.538462,0,1,cat1
a155,0.142857,0.071429,0.384615,0.071429,1,cat1
a156,0.214286,0.428571,0.153846,0.857143,1,cat1
a157,0.857143,0.571429,0.538462,0.428571,2,cat2
a158,0.142857,0.642857,0.538462,0.357143,2,cat2
a159,0.714286,0.214286,0.461538,1,1,cat1
a160,0.714286,0.142857,1,0.285714,2,cat2
a161,0.857143,0.642857,0.769231,0.428571,4,cat4
a162,0.5,0.857143,0.461538,0.285714,2,cat2
a163,0.857143,0.642857,0.769231,0.428571,3,cat3
a164,0.071429,0.214286,0.769231,0.5,2,cat2
a165,0.357143,0.928571,0,0.785714,2,cat2
a166,0,0.714286,0.923077,0.5,3,cat3
a167,0.142857,1,0.153846,0.642857,3,cat3
a168,0,0.714286,0.923077,0.5,3,cat3
a169,0.857143,0.571429,0.538462,0.428571,3,cat3
a170,1,0,0.461538,0,1,cat1
a171,0.857143,0.285714,0.692308,1,2,cat2
a172,0.357143,0.928571,0,0.785714,1,cat1
a173,0.357143,0.5,0.230769,0.857143,3,cat3
a174,0.142857,1,0.153846,0.642857,3,cat3
a175,0.357143,0.928571,0,0.785714,3,cat3
a176,0.142857,0.642857,0.538462,0.357143,1,cat1
a177,0.357143,0.5,0.230769,0.857143,1,cat1
a178,0.357143,0.928571,0,0.785714,2,cat2
a179,1,0.785714,1,1,3,cat3
a180,0.357143,0.928571,0,0.785714,2,cat2
a181,0.214286,0.142857,0,1,3,cat3
a182,0.142857,0.642857,0.538462,0.357143,1,cat1
a183,0.857143,0.285714,0.692308,1,1,cat1
a184,0.928571,0.428571,0.384615,0,1,cat1
a185,0.071429,0.142857,0.923077,0.428571,1,cat1
a186,0.928571,0.428571,0.384615,0,1,cat1
a187,0.357143,0.928571,0,0.785714,2,cat2
a188,0.214286,0.428571,0.153846,0.857143,2,cat2
a189,0,0.357143,0.538462,0.142857,1,cat1
a190,0.857143,0.571429,0.538462,0.428571,2,cat2
a191,0.571429,0.357143,0.769231,0.142857,2,cat2
a192,0.571429,0.428571,0.307692,0.357143,1,cat1
a193,1,0.142857,0.307692,0.071429,1,cat1
a194,0.214286,0.428571,0.153846,0.857143,1,cat1
a195,0.857143,0.642857,0.769231,0.428571,3,cat3
a196,0.5,0.714286,0.615385,0.928571,2,cat2
a197,1,0.142857,0.307692,0.071429,1,cat1
a198,0.214286,0.214286,0.384615,0.642857,1,cat1
a199,0.571429,0.428571,0.307692,0.357143,2,cat2
a200,0.642857,0.571429,0.384615,0.142857,3,cat3
a201,0.642857,0.571429,0.384615,0.142857,1,cat1
a202,0.071429,0.142857,0.923077,0.285714,3,cat3
a203,0,0.357143,0.538462,0.142857,1,cat1
a204,0.071429,0.642857,0.307692,0.071429,1,cat1
a205,0.571429,0.857143,0.461538,0.071429,2,cat2
a206,0.928571,0.214286,0.461538,0.428571,1,cat1
a207,0.142857,0.071429,0.384615,0.071429,1,cat1
a208,0.071429,0.142857,0.923077,0.285714,2,cat2
a209,0.714286,0.928571,0.384615,0,3,cat3
a210,0.071429,0.142857,0.923077,0.285714,1,cat1
a211,0.142857,0.5,0.692308,0.142857,1,cat1
a212,0.714286,0.928571,0.384615,0,4,cat4
a213,1,0.785714,1,1,1,cat1
a214,0.857143,0.285714,0.692308,1,4,cat4
a215,0.071429,0.142857,0.923077,0.285714,1,cat1
a216,0.357143,0.928571,0,0.785714,1,cat1
a217,0.928571,0.428571,0.923077,0.142857,3,cat3
a218,0.071429,0.214286,0.769231,0.5,3,cat3
a219,0.357143,0.928571,0,0.785714,3,cat3
a220,0.357143,0.5,0.230769,0.857143,1,cat1
a221,0.142857,1,0.153846,0.642857,2,cat2
a222,0.642857,0.571429,0.384615,0.142857,2,cat2
a223,0.5,0.214286,0.538462,0,1,cat1
a224,1,0.785714,1,1,4,cat4
a225,0.071429,0.142857,0.923077,0.285714,1,cat1
a226,0.642857,0.214286,0.769231,0.357143,1,cat1
a227,0.857143,0.642857,0.769231,0.428571,4,cat4
a228,0.142857,0.5,0.692308,0.142857,2,cat2
a229,0.071429,0.642857,0.307692,0.071429,1,cat1
a230,0.928571,0.428571,0.923077,0.142857,2,cat2
a231,1,0,0.461538,0,2,cat2
a232,0.857143,0.714286,0.923077,0.5,3,cat3
a233,0.928571,0.642857,0.153846,0.571429,2,cat2
a234,0.714286,0.928571,0.384615,0,3,cat3
a235,0.785714,0.928571,0.769231,0.071429,3,cat3
a236,0,0.714286,0.923077,0.5,1,cat1
a237,0.714286,0.5,0.076923,0.428571,1,cat1
a238,0.928571,0.642857,0.153846,0.571429,3,cat3
a239,0.928571,0.642857,0.153846,0.571429,2,cat2
a240,0.714286,0.714286,0.461538,0.642857,3,cat3
a241,0.071429,0.142857,0.923077,0.285714,2,cat2
a242,0.642857,0.214286,0.769231,0.357143,1,cat1
a243,0.071429,0.642857,0.307692,0.071429,1,cat1
a244,0.214286,0.428571,0.153846,0.857143,2,cat2
a245,0.5,0.857143,0.461538,0.285714,2,cat2
a246,0.142857,0.071429,0.384615,0.071429,1,cat1
a247,0.357143,0.928571,0,0.785714,2,cat2
a248,0.5,0.714286,0.615385,0.928571,2,cat2
a249,0,0.357143,0.538462,0.142857,1,cat1
a250,0.571429,0.357143,0.769231,0.142857,1,cat1
a251,0.857143,0.285714,0.692308,1,2,cat2
a252,0.857143,0.714286,0.923077,0.5,2,cat2
a253,0.071429,0.142857,0.923077,0.428571,1,cat1
a254,0.714286,0.5,0.076923,0.428571,2,cat2
a255,0.714286,0.714286,0.461538,0.642857,3,cat3
a256,0.857143,0.571429,0.538462,0.428571,3,cat3
a257,1,0.142857,0.307692,0.071429,1,cat1
a258,0.142857,0.5,0.692308,0.142857,2,cat2
a259,0.214286,0.428571,0.153846,0.857143,1,cat1
a260,0.928571,0.428571,0.923077,0.142857,1,cat1
a261,0,0.714286,0.923077,0.5,1,cat1
a262,0.642857,0.142857,0.538462,0.714286,1,cat1
a263,0,0.714286,0.923077,0.5,1,cat1
a264,1,0.285714,0.615385,1,2,cat2
a265,0.714286,0.214286,0.461538,1,4,cat4
a266,0.5,0.214286,0.538462,0,1,cat1
a267,0.785714,0.928571,0.769231,0.071429,3,cat3
a268,1,0.785714,1,1,4,cat4
a269,0.214286,0.214286,0.384615,0.642857,1,cat1
a270,0.142857,0.5,0.692308,0.142857,2,cat2
a271,0.214286,0.428571,0.153846,0.857143,1,cat1
a272,0.142857,0.071429,0.384615,0.071429,1,cat1
a273,0.857143,0.571429,0.538462,0.428571,1,cat1
a274,0.928571,0.428571,0.384615,0,3,cat3
a275,0.142857,1,0.153846,0.642857,2,cat2
a276,0.142857,0.642857,0.538462,0.357143,2,cat2
a277,0.928571,0.642857,0.153846,0.571429,2,cat2
a278,0.571429,0.357143,0.769231,0.142857,2,cat2
a279,0.857143,0.714286,0.923077,0.5,2,cat2
a280,0.714286,0.714286,0.461538,0.642857,2,cat2
a281,0.642857,0.214286,0.769231,0.357143,1,cat1
a282,0.928571,0.642857,0.153846,0.571429,3,cat3
a283,0.857143,0.571429,0.538462,0.428571,3,cat3
a284,0.857143,0.428571,0.307692,0.714286,1,cat1
a285,0.5,0.857143,0.461538,0.285714,1,cat1
a286,0.857143,0.285714,0.384615,0.928571,1,cat1
a287,0.571429,0.428571,0.307692,0.357143,1,cat1
a288,0.714286,0.928571,0.384615,0,3,cat3
a289,0.142857,1,0.153846,0.642857,3,cat3
a290,0.642857,0.214286,0.769231,0.357143,2,cat2
a291,0.857143,0.714286,0.923077,0.5,3,cat3
a292,0.642857,0.214286,0.769231,0.357143,2,cat2
a293,0.571429,0.857143,0.461538,0.071429,2,cat2
a294,0.142857,0.642857,0.538462,0.357143,2,cat2
a295,0,0.714286,0.923077,0.5,2,cat2
a296,0.642857,0.142857,0.538462,0.714286,2,cat2
a297,0.357143,0.5,0.230769,0.857143,1,cat1
a298,0.928571,0.428571,0.923077,0.142857,2,cat2
a299,0.857143,0.714286,0.923077,0.5,3,cat3
a300,0.714286,0.714286,0.461538,0.642857,2,cat2
a301,0.857143,0.428571,0.307692,0.714286,3,cat3
a302,0.714286,0.5,0.076923,0.428571,1,cat1
a303,0.142857,0.5,0.692308,0.142857,2,cat2
a304,0,0.357143,0.538462,0.142857,1,cat1
a305,0.142857,0.5,0.692308,0.142857,1,cat1
a306,0.214286,0.214286,0.384615,0.642857,1,cat1
a307,0.714286,0.714286,0.461538,0.642857,1,cat1
a308,0.714286,0.214286,0.461538,1,2,cat2
a309,0.5,0.714286,0.615385,0.928571,2,cat2
a310,0.642857,0.571429,0.384615,0.142857,2,cat2
a311,0.928571,0.642857,0.153846,0.571429,2,cat2
a312,0.857143,0.642857,0.769231,0.428571,3,cat3
a313,0.857143,0.642857,0.769231,0.428571,3,cat3
a314,1,0,0.461538,0,1,cat1
a315,0.857143,0.285714,0.384615,0.928571,3,cat3
a316,0.714286,0.714286,0.461538,0.642857,3,cat3
a317,0.928571,0.428571,0.384615,0,3,cat3
a318,0.857143,0.428571,0.307692,0.714286,2,cat2
a319,0.357143,0.928571,0,0.785714,3,cat3
a320,0.714286,0.714286,0.461538,0.642857,2,cat2
a321,0.214286,0.428571,0.153846,0.857143,3,cat3
a322,0.142857,1,0.153846,0.642857,1,cat1
a323,0.357143,0.928571,0,0.785714,1,cat1
a324,0.071429,0.142857,0.923077,0.285714,1,cat1
a325,0.071429,0.214286,0.769231,0.5,1,cat1
a326,0.571429,0.428571,0.307692,0.357143,1,cat1
a327,0.857143,0.571429,0.538462,0.428571,2,cat2
a328,0.857143,0.285714,0.384615,0.928571,2,cat2
a329,0.714286,0.5,0.076923,0.428571,1,cat1
a330,0.714286,0.5,0.076923,0.428571,3,cat3
a331,0.714286,0.214286,0.461538,1,3,cat3
a332,0.571429,0.357143,0.769231,0.142857,1,cat1
a333,0.714286,0.714286,0.461538,0.642857,3,cat3
a334,0.928571,0.214286,0.461538,0.428571,3,cat3
a335,0.785714,0.928571,0.769231,0.071429,4,cat4
a336,0.571429,0.357143,0.769231,0.142857,3,cat3
a337,0,0.714286,0.923077,0.5,1,cat1
a338,0.928571,0.428571,0.923077,0.142857,1,cat1
a339,0.214286,0.428571,0.153846,0.857143,1,cat1
a340,0.642857,0.142857,0.538462,0.714286,2,cat2
a341,0.5,0.857143,0.461538,0.285714,4,cat4
a342,0.714286,0.714286,0.461538,0.642857,2,cat2
a343,1,0.142857,0.307692,0.071429,2,cat2
a344,0.214286,0.214286,0.384615,0.642857,1,cat1
a345,0.714286,0.142857,1,0.285714,3,cat3
a346,0.5,0.214286,0.538462,0,1,cat1
a347,0.642857,0.571429,0.384615,0.142857,1,cat1
a348,0.642857,0.214286,0.769231,0.357143,2,cat2
a349,0.142857,0.5,0.692308,0.142857,1,cat1
a350,0.928571,0.642857,0.153846,0.571429,3,cat3
a351,0.571429,0.857143,0.461538,0.071429,2,cat2
a352,1,0,0.461538,0,3,cat3
a353,1,0.285714,0.615385,1,1,cat1
a354,0.928571,0.428571,0.923077,0.142857,3,cat3
a355,0.071429,0.142857,0.923077,0.285714,1,cat1
a356,0.928571,0.642857,0.153846,0.571429,2,cat2
a357,0.071429,0.642857,0.307692,0.071429,2,cat2
a358,0.357143,0.928571,0,0.785714,2,cat2
a359,0,0.357143,0.538462,0.142857,2,cat2
a360,0.5,0.857143,0.461538,0.285714,3,cat3
a361,1,0.785714,1,1,4,cat4
a362,0.571429,0.857143,0.461538,0.071429,3,cat3
a363,0.928571,0.214286,0.461538,0.428571,1,cat1
a364,0.214286,0.142857,0,1,1,cat1
a365,0.357143,0.5,0.230769,0.857143,1,cat1
a366,0.642857,0.214286,0.769231,0.357143,1,cat1
a367,0.142857,1,0.153846,0.642857,1,cat1
a368,0.357143,0.928571,0,0.785714,2,cat2
a369,0,0.714286,0.923077,0.5,3,cat3
a370,0.714286,0.5,0.076923,0.428571,2,cat2
a371,0.142857,0.5,0.692308,0.142857,1,cat1
a372,0.714286,0.5,0.076923,0.428571,1,cat1
a373,1,0,0.461538,0,1,cat1
a374,0.5,0.214286,0.538462,0,1,cat1
a375,0.857143,0.714286,0.923077,0.5,4,cat4
a376,0.928571,0.642857,0.153846,0.571429,2,cat2
a377,1,0,0.461538,0,1,cat1
a378,0.071429,0.214286,0.769231,0.5,1,cat1
a379,0.928571,0.428571,0.384615,0,2,cat2
a380,0.142857,0.642857,0.538462,0.357143,1,cat1
a381,0.071429,0.142857,0.923077,0.428571,1,cat1
a382,0.5,0.714286,0.615385,0.928571,4,cat4
a383,0.642857,0.142857,0.538462,0.714286,1,cat1
a384,0.714286,0.928571,0.384615,0,2,cat2
a385,0.928571,0.428571,0.384615,0,2,cat2
a386,0.5,0.714286,0.615385,0.928571,1,cat1
a387,0.142857,0.642857,0.538462,0.357143,2,cat2
a388,0.214286,0.214286,0.384615,0.642857,3,cat3
a389,0.714286,0.5,0.076923,0.428571,2,cat2
a390,0.857143,0.285714,0.692308,1,2,cat2
a391,0.857143,0.642857,0.769231,0.428571,3,cat3
a392,0.928571,0.428571,0.923077,0.142857,3,cat3
a393,0.714286,0.214286,0.461538,1,1,cat1
a394,0.142857,0.071429,0.384615,0.071429,1,cat1
a395,0.928571,0.642857,0.153846,0.571429,2,cat2
a396,0.071429,0.142857,0.923077,0.428571,2,cat2
a397,0.785714,0.928571,0.769231,0.071429,4,cat4
a398,0.714286,0.142857,1,0.285714,1,cat1
a399,0.071429,0.142857,0.923077,0.285714,1,cat1
a400,0.857143,0.714286,0.923077,0.5,3,cat3
a401,0.714286,0.928571,0.384615,0,2,cat2
a402,0.142857,1,0.153846,0.642857,1,cat1
a403,0.642857,0.571429,0.384615,0.142857,2,cat2
a404,0.5,0.214286,0.538462,0,1,cat1
a405,0.5,0.714286,0.615385,0.928571,3,cat3
a406,0.142857,0.071429,0.384615,0.071429,2,cat2
a407,1,0,0.461538,0,3,cat3
a408,0.642857,0.214286,0.769231,0.357143,2,cat2
a409,0.714286,0.214286,0.461538,1,3,cat3
a410,0.357143,0.5,0.230769,0.857143,2,cat2
a411,0.714286,0.714286,0.461538,0.642857,3,cat3
a412,0.071429,0.214286,0.769231,0.5,1,cat1
a413,1,0.285714,0.615385,1,2,cat2
a414,0.142857,0.071429,0.384615,0.071429,1,cat1
a415,0.5,0.214286,0.538462,0,1,cat1
a416,0.714286,0.142857,1,0.285714,2,cat2
a417,0.857143,0.428571,0.307692,0.714286,2,cat2
a418,0.214286,0.214286,0.384615,0.642857,3,cat3
a419,1,0.285714,0.615385,1,3,cat3
a420,0.214286,0.428571,0.153846,0.857143,1,cat1
a421,0.714286,0.714286,0.461538,0.642857,2,cat2
a422,0.214286,0.428571,0.153846,0.857143,1,cat1
a423,0.928571,0.214286,0.461538,0.428571,1,cat1
a424,0.071429,0.642857,0.307692,0.071429,3,cat3
a425,0.714286,0.714286,0.461538,0.642857,2,cat2
a426,0.928571,0.428571,0.923077,0.142857,2,cat2
a427,0.5,0.214286,0.538462,0,2,cat2
a428,0.214286,0.142857,0,1,1,cat1
a429,0.142857,1,0.153846,0.642857,2,cat2
a430,0.142857,1,0.153846,0.642857,1,cat1
a431,0.857143,0.285714,0.692308,1,2,cat2
a432,0.214286,0.428571,0.153846,0.857143,1,cat1
a433,0.714286,0.928571,0.384615,0,3,cat3
a434,0.857143,0.642857,0.769231,0.428571,3,cat3
a435,1,0.142857,0.307692,0.071429,1,cat1
a436,0.071429,0.214286,0.769231,0.5,1,cat1
a437,0.714286,0.928571,0.384615,0,3,cat3
a438,0.714286,0.142857,1,0.285714,3,cat3
a439,0,0.714286,0.923077,0.5,2,cat2
a440,1,0.285714,0.615385,1,3,cat3
a441,0.714286,0.928571,0.384615,0,3,cat3
a442,0.142857,0.5,0.692308,0.142857,3,cat3
a443,0.214286,0.142857,0,1,3,cat3
a444,0.928571,0.214286,0.461538,0.428571,1,cat1
a445,0.571429,0.428571,0.307692,0.357143,1,cat1
a446,0.5,0.214286,0.538462,0,1,cat1
a447,0.857143,0.428571,0.307692,0.714286,1,cat1
a448,0.642857,0.214286,0.769231,0.357143,1,cat1
a449,0.214286,0.142857,0,1,1,cat1
a450,1,0.285714,0.615385,1,3,cat3
a451,0.928571,0.214286,0.461538,0.428571,2,cat2
a452,0.571429,0.357143,0.769231,0.142857,1,cat1
a453,1,0.142857,0.307692,0.071429,1,cat1
a454,0.857143,0.285714,0.692308,1,2,cat2
a455,0.857143,0.428571,0.307692,0.714286,1,cat1
a456,0.928571,0.428571,0.384615,0,2,cat2
a457,0.857143,0.714286,0.923077,0.5,3,cat3
a458,0.5,0.214286,0.538462,0,1,cat1
a459,0.928571,0.214286,0.461538,0.428571,2,cat2
a460,0.857143,0.285714,0.384615,0.928571,3,cat3
a461,0.857143,0.285714,0.692308,1,2,cat2
a462,0.642857,0.142857,0.538462,0.714286,2,cat2
a463,0.928571,0.428571,0.923077,0.142857,1,cat1
a464,0.142857,1,0.153846,0.642857,2,cat2
a465,0.928571,0.428571,0.384615,0,2,cat2
a466,1,0.785714,1,1,4,cat4
a467,0.928571,0.642857,0.153846,0.571429,3,cat3
a468,0.214286,0.428571,0.153846,0.857143,2,cat2
a469,0.214286,0.142857,0,1,1,cat1
a470,1,0.785714,1,1,3,cat3
a471,0.571429,0.357143,0.769231,0.142857,2,cat2
a472,0.571429,0.357143,0.769231,0.142857,1,cat1
a473,0.071429,0.214286,0.769231,0.5,1,cat1
a474,0.857143,0.285714,0.384615,0.928571,1,cat1
a475,0.571429,0.857143,0.461538,0.071429,2,cat2
a476,0.071429,0.142857,0.923077,0.285714,1,cat1
a477,0.214286,0.428571,0.153846,0.857143,1,cat1
a478,0.142857,0.071429,0.384615,0.071429,1,cat1
a479,0.785714,0.928571,0.769231,0.071429,4,cat4
a480,0.071429,0.142857,0.923077,0.285714,1,cat1
a481,0.857143,0.285714,0.384615,0.928571,2,cat2
a482,0.928571,0.214286,0.461538,0.428571,2,cat2
a483,0.714286,0.928571,0.384615,0,2,cat2
a484,0.357143,0.5,0.230769,0.857143,1,cat1
a485,0.214286,0.428571,0.153846,0.857143,1,cat1
a486,0,0.714286,0.923077,0.5,2,cat2
a487,0.571429,0.428571,0.307692,0.357143,2,cat2
a488,0.071429,0.214286,0.769231,0.5,1,cat1
a489,0.857143,0.285714,0.384615,0.928571,2,cat2
a490,1,0.142857,0.307692,0.071429,3,cat3
a491,0.071429,0.642857,0.307692,0.071429,2,cat2
a492,0.071429,0.142857,0.923077,0.285714,1,cat1
a493,0.857143,0.642857,0.769231,0.428571,3,cat3
a494,0.857143,0.285714,0.384615,0.928571,3,cat3
a495,0.142857,0.642857,0.538462,0.357143,1,cat1
a496,0.857143,0.285714,0.384615,0.928571,2,cat2
a497,0.714286,0.5,0.076923,0.428571,1,cat1
a498,0.071429,0.642857,0.307692,0.071429,1,cat1
a499,0.642857,0.142857,0.538462,0.714286,3,cat3
a500,0.571429,0.357143,0.769231,0.142857,1,cat1
a501,0.5,0.214286,0.538462,0,1,cat1
a502,0.642857,0.142857,0.538462,0.714286,2,cat2
a503,0.928571,0.642857,0.153846,0.571429,3,cat3
a504,0.642857,0.571429,0.384615,0.142857,2,cat2
a505,0.071429,0.642857,0.307692,0.071429,1,cat1
a506,0.5,0.857143,0.461538,0.285714,3,cat3
a507,0.142857,1,0.153846,0.642857,1,cat1
a508,0.785714,0.928571,0.769231,0.071429,4,cat4
a509,0.5,0.857143,0.461538,0.285714,3,cat3
a510,0.857143,0.642857,0.769231,0.428571,3,cat3
a511,1,0,0.461538,0,1,cat1
a512,0.5,0.857143,0.461538,0.285714,2,cat2
a513,0.071429,0.142857,0.923077,0.285714,1,cat1
a514,0.714286,0.5,0.076923,0.428571,1,cat1
a515,0.928571,0.428571,0.384615,0,1,cat1
a516,0.5,0.714286,0.615385,0.928571,1,cat1
a517,0.142857,1,0.153846,0.642857,1,cat1
a518,0.928571,0.428571,0.923077,0.142857,1,cat1
a519,0.642857,0.214286,0.769231,0.357143,1,cat1
a520,0.642857,0.142857,0.538462,0.714286,2,cat2
a521,0,0.714286,0.923077,0.5,2,cat2
a522,0.857143,0.285714,0.692308,1,2,cat2
a523,0.857143,0.571429,0.538462,0.428571,2,cat2
a524,0.642857,0.214286,0.769231,0.357143,2,cat2
a525,1,0.785714,1,1,4,cat4
a526,0.5,0.714286,0.615385,0.928571,3,cat3
a527,0.642857,0.571429,0.384615,0.142857,2,cat2
a528,0.5,0.714286,0.615385,0.928571,1,cat1
a529,0.214286,0.428571,0.153846,0.857143,2,cat2
a530,0.214286,0.214286,0.384615,0.642857,1,cat1
a531,1,0.785714,1,1,4,cat4
a532,0.928571,0.428571,0.923077,0.142857,1,cat1
a533,0.714286,0.714286,0.461538,0.642857,1,cat1
a534,0,0.357143,0.538462,0.142857,1,cat1
a535,0.928571,0.428571,0.384615,0,1,cat1
a536,0.642857,0.571429,0.384615,0.142857,3,cat3
a537,0.142857,1,0.153846,0.642857,4,cat4
a538,0.714286,0.5,0.076923,0.428571,1,cat1
a539,0.857143,0.285714,0.384615,0.928571,2,cat2
a540,0.714286,0.714286,0.461538,0.642857,2,cat2
a541,0.071429,0.142857,0.923077,0.428571,3,cat3
a542,0.928571,0.428571,0.384615,0,1,cat1
a543,0.857143,0.285714,0.384615,0.928571,3,cat3
a544,0.714286,0.714286,0.461538,0.642857,2,cat2
a545,0.571429,0.857143,0.461538,0.071429,1,cat1
a546,0.571429,0.857143,0.461538,0.071429,2,cat2
a547,0.142857,0.071429,0.384615,0.071429,1,cat1
a548,0.071429,0.214286,0.769231,0.5,3,cat3
a549,0.928571,0.642857,0.153846,0.571429,2,cat2
a550,0.142857,0.071429,0.384615,0.071429,1,cat1
a551,0.642857,0.142857,0.538462,0.714286,2,cat2
a552,0.857143,0.714286,0.923077,0.5,2,cat2
a553,0.357143,0.928571,0,0.785714,2,cat2
a554,0.142857,0.071429,0.384615,0.071429,1,cat1
a555,0.714286,0.214286,0.461538,1,2,cat2
a556,1,0.142857,0.307692,0.071429,3,cat3
a557,0.5,0.214286,0.538462,0,2,cat2
a558,0.642857,0.142857,0.538462,0.714286,2,cat2
a559,0.142857,1,0.153846,0.642857,3,cat3
a560,0.714286,0.5,0.076923,0.428571,2,cat2
a561,0.857143,0.642857,0.769231,0.428571,4,cat4
a562,0.142857,0.5,0.692308,0.142857,3,cat3
a563,0.928571,0.214286,0.461538,0.428571,2,cat2
a564,0.071429,0.214286,0.769231,0.5,1,cat1
a565,0.714286,0.142857,1,0.285714,2,cat2
a566,0.142857,1,0.153846,0.642857,2,cat2
a567,0.142857,0.642857,0.538462,0.357143,1,cat1
a568,0.857143,0.428571,0.307692,0.714286,1,cat1
a569,0.214286,0.142857,0,1,1,cat1
a570,0,0.357143,0.538462,0.142857,1,cat1
a571,1,0,0.461538,0,1,cat1
a572,0,0.714286,0.923077,0.5,1,cat1
a573,0.857143,0.714286,0.923077,0.5,3,cat3
a574,0.571429,0.428571,0.307692,0.357143,3,cat3
a575,0.142857,1,0.153846,0.642857,2,cat2
a576,0.928571,0.642857,0.153846,0.571429,2,cat2
a577,0.714286,0.142857,1,0.285714,2,cat2
a578,0.142857,0.642857,0.538462,0.357143,2,cat2
a579,1,0,0.461538,0,1,cat1
a580,0.857143,0.571429,0.538462,0.428571,1,cat1
a581,0.571429,0.857143,0.461538,0.071429,3,cat3
a582,1,0.785714,1,1,3,cat3
a583,0.857143,0.428571,0.307692,0.714286,3,cat3
a584,1,0.285714,0.615385,1,1,cat1
a585,0.571429,0.357143,0.769231,0.142857,4,cat4
a586,0.714286,0.714286,0.461538,0.642857,2,cat2
a587,0.857143,0.285714,0.692308,1,1,cat1
a588,0.857143,0.714286,0.923077,0.5,4,cat4
a589,0.857143,0.285714,0.384615,0.928571,2,cat2
a590,0.928571,0.642857,0.153846,0.571429,3,cat3
a591,0.071429,0.642857,0.307692,0.071429,3,cat3
a592,0.142857,0.642857,0.538462,0.357143,1,cat1
a593,0.928571,0.428571,0.384615,0,2,cat2
a594,0.857143,0.571429,0.538462,0.428571,3,cat3
a595,0.857143,0.571429,0.538462,0.428571,3,cat3
a596,0.071429,0.214286,0.769231,0.5,3,cat3
a597,0.142857,0.642857,0.538462,0.357143,2,cat2
a598,0.071429,0.642857,0.307692,0.071429,1,cat1
a599,0.857143,0.642857,0.769231,0.428571,2,cat2
a600,0.142857,0.642857,0.538462,0.357143,1,cat1
a601,0.214286,0.428571,0.153846,0.857143,1,cat1
a602,1,0,0.461538,0,2,cat2
a603,0.642857,0.214286,0.769231,0.357143,1,cat1
a604,1,0.285714,0.615385,1,1,cat1
a605,0.642857,0.214286,0.769231,0.357143,2,cat2
a606,0.214286,0.142857,0,1,1,cat1
a607,0.571429,0.357143,0.769231,0.142857,2,cat2
a608,0.785714,0.928571,0.769231,0.071429,3,cat3
a609,0.5,0.857143,0.461538,0.285714,2,cat2
a610,0.214286,0.142857,0,1,1,cat1
a611,0.214286,0.142857,0,1,1,cat1
a612,0.714286,0.714286,0.461538,0.642857,1,cat1
a613,0.142857,0.642857,0.538462,0.357143,2,cat2
a614,0.642857,0.214286,0.769231,0.357143,2,cat2
a615,0.714286,0.142857,1,0.285714,3,cat3
a616,0.714286,0.142857,1,0.285714,1,cat1
a617,0.071429,0.142857,0.923077,0.285714,1,cat1
a618,0.928571,0.428571,0.384615,0,2,cat2
a619,0.928571,0.428571,0.923077,0.142857,3,cat3
a620,0,0.714286,0.923077,0.5,1,cat1
a621,0.642857,0.571429,0.384615,0.142857,3,cat3
a622,0.214286,0.214286,0.384615,0.642857,3,cat3
a623,0.857143,0.714286,0.923077,0.5,3,cat3
a624,0.142857,0.642857,0.538462,0.357143,1,cat1
a625,0.714286,0.5,0.076923,0.428571,1,cat1
a626,0.642857,0.571429,0.384615,0.142857,2,cat2
a627,0.928571,0.214286,0.461538,0.428571,2,cat2
a628,0.928571,0.642857,0.153846,0.571429,1,cat1
a629,0.142857,0.5,0.692308,0.142857,1,cat1
a630,0.071429,0.142857,0.923077,0.285714,1,cat1
a631,0,0.714286,0.923077,0.5,2,cat2
a632,0.142857,0.071429,0.384615,0.071429,1,cat1
a633,0.714286,0.5,0.076923,0.428571,3,cat3
a634,1,0.285714,0.615385,1,2,cat2
a635,0.214286,0.142857,0,1,1,cat1
a636,0.071429,0.642857,0.307692,0.071429,1,cat1
a637,0.5,0.714286,0.615385,0.928571,3,cat3
a638,0.928571,0.214286,0.461538,0.428571,2,cat2
a639,0.857143,0.571429,0.538462,0.428571,4,cat4
a640,0.714286,0.142857,1,0.285714,1,cat1
a641,0.071429,0.142857,0.923077,0.285714,1,cat1
a642,0.857143,0.285714,0.384615,0.928571,2,cat2
a643,0.714286,0.214286,0.461538,1,1,cat1
a644,1,0.785714,1,1,4,cat4
a645,1,0.785714,1,1,4,cat4
a646,0.714286,0.214286,0.461538,1,2,cat2
a647,0.142857,1,0.153846,0.642857,2,cat2
a648,0.571429,0.428571,0.307692,0.357143,1,cat1
a649,0.857143,0.714286,0.923077,0.5,3,cat3
a650,0.642857,0.571429,0.384615,0.142857,1,cat1
a651,0.857143,0.714286,0.923077,0.5,3,cat3
a652,0.857143,0.285714,0.692308,1,1,cat1
a653,0.928571,0.214286,0.461538,0.428571,1,cat1
a654,1,0.142857,0.307692,0.071429,1,cat1
a655,0.071429,0.142857,0.923077,0.428571,1,cat1
a656,0.714286,0.214286,0.461538,1,3,cat3
a657,0.785714,0.928571,0.769231,0.071429,3,cat3
a658,0.642857,0.214286,0.769231,0.357143,1,cat1
a659,0.928571,0.214286,0.461538,0.428571,3,cat3
a660,1,0.285714,0.615385,1,3,cat3
a661,0.714286,0.142857,1,0.285714,1,cat1
a662,0.571429,0.357143,0.769231,0.142857,1,cat1
a663,0.142857,0.071429,0.384615,0.071429,1,cat1
a664,0.071429,0.142857,0.923077,0.285714,1,cat1
a665,0,0.714286,0.923077,0.5,2,cat2
a666,0,0.357143,0.538462,0.142857,1,cat1
a667,0.857143,0.285714,0.384615,0.928571,2,cat2
a668,0.714286,0.928571,0.384615,0,3,cat3
a669,0.142857,0.071429,0.384615,0.071429,1,cat1
a670,0.071429,0.214286,0.769231,0.5,1,cat1
a671,0.357143,0.5,0.230769,0.857143,2,cat2
a672,0.5,0.214286,0.538462,0,1,cat1
a673,0.928571,0.428571,0.923077,0.142857,2,cat2
a674,1,0.785714,1,1,4,cat4
a675,1,0.142857,0.307692,0.071429,1,cat1
a676,0.071429,0.642857,0.307692,0.071429,1,cat1
a677,0.571429,0.428571,0.307692,0.357143,1,cat1
a678,0.928571,0.642857,0.153846,0.571429,1,cat1
a679,0.785714,0.928571,0.769231,0.071429,3,cat3
a680,0.642857,0.142857,0.538462,0.714286,1,cat1
a681,0.142857,0.071429,0.384615,0.071429,1,cat1
a682,0.857143,0.642857,0.769231,0.428571,3,cat3
a683,0.714286,0.142857,1,0.285714,1,cat1
a684,0.857143,0.285714,0.692308,1,1,cat1
a685,0.071429,0.142857,0.923077,0.285714,1,cat1
a686,1,0.785714,1,1,4,cat4
a687,0.857143,0.285714,0.692308,1,3,cat3
a688,0.142857,0.642857,0.538462,0.357143,2,cat2
a689,0.571429,0.428571,0.307692,0.357143,1,cat1
a690,0.071429,0.214286,0.769231,0.5,1,cat1
a691,0.714286,0.142857,1,0.285714,1,cat1
a692,0.857143,0.285714,0.692308,1,2,cat2
a693,0.642857,0.142857,0.538462,0.714286,2,cat2
a694,0.571429,0.857143,0.461538,0.071429,2,cat2
a695,0.571429,0.428571,0.307692,0.357143,1,cat1
a696,0.928571,0.428571,0.384615,0,2,cat2
a697,0.571429,0.357143,0.769231,0.142857,2,cat2
a698,0.857143,0.285714,0.384615,0.928571,2,cat2
a699,0.357143,0.5,0.230769,0.857143,2,cat2
a700,0.142857,1,0.153846,0.642857,1,cat1
a701,0.214286,0.428571,0.153846,0.857143,1,cat1
a702,0.642857,0.214286,0.769231,0.357143,2,cat2
a703,0.714286,0.214286,0.461538,1,1,cat1
a704,0.214286,0.428571,0.153846,0.857143,1,cat1
a705,0.714286,0.5,0.076923,0.428571,1,cat1
a706,0,0.714286,0.923077,0.5,2,cat2
a707,0.928571,0.642857,0.153846,0.571429,2,cat2
a708,0.857143,0.642857,0.769231,0.428571,4,cat4
a709,0.857143,0.714286,0.923077,0.5,2,cat2
a710,0.142857,0.642857,0.538462,0.357143,3,cat3
a711,0.714286,0.714286,0.461538,0.642857,2,cat2
a712,0.071429,0.142857,0.923077,0.285714,2,cat2
a713,1,0.785714,1,1,3,cat3
a714,0.214286,0.428571,0.153846,0.857143,1,cat1
a715,0.785714,0.928571,0.769231,0.071429,3,cat3
a716,0.714286,0.714286,0.461538,0.642857,2,cat2
a717,0.928571,0.214286,0.461538,0.428571,1,cat1
a718,0.857143,0.285714,0.384615,0.928571,1,cat1
a719,0.857143,0.714286,0.923077,0.5,1,cat1
a720,0,0.714286,0.923077,0.5,2,cat2
a721,0.857143,0.571429,0.538462,0.428571,2,cat2
a722,0.785714,0.928571,0.769231,0.071429,4,cat4
a723,0.571429,0.857143,0.461538,0.071429,2,cat2
a724,0.857143,0.285714,0.384615,0.928571,3,cat3
a725,0.642857,0.142857,0.538462,0.714286,2,cat2
a726,0.357143,0.928571,0,0.785714,2,cat2
a727,0.928571,0.428571,0.923077,0.142857,1,cat1
a728,0.928571,0.214286,0.461538,0.428571,2,cat2
a729,0.714286,0.142857,1,0.285714,2,cat2
a730,0.928571,0.428571,0.923077,0.142857,3,cat3
a731,0.857143,0.714286,0.923077,0.5,4,cat4
a732,0.071429,0.642857,0.307692,0.071429,2,cat2
a733,0.785714,0.928571,0.769231,0.071429,3,cat3
a734,0.857143,0.714286,0.923077,0.5,3,cat3
a735,0,0.357143,0.538462,0.142857,1,cat1
a736,0.857143,0.285714,0.692308,1,2,cat2
a737,0.142857,0.642857,0.538462,0.357143,1,cat1
a738,0.857143,0.642857,0.769231,0.428571,4,cat4
a739,0.142857,1,0.153846,0.642857,3,cat3
a740,1,0.142857,0.307692,0.071429,1,cat1
a741,0.928571,0.214286,0.461538,0.428571,2,cat2
a742,0.071429,0.142857,0.923077,0.285714,1,cat1
a743,0.857143,0.571429,0.538462,0.428571,2,cat2
a744,0.642857,0.214286,0.769231,0.357143,2,cat2
a745,0.214286,0.142857,0,1,1,cat1
a746,0.714286,0.928571,0.384615,0,3,cat3
a747,0.5,0.214286,0.538462,0,1,cat1
a748,0.857143,0.571429,0.538462,0.428571,2,cat2
a749,0.714286,0.714286,0.461538,0.642857,2,cat2
a750,0.642857,0.214286,0.769231,0.357143,1,cat1
a751,0.642857,0.142857,0.538462,0.714286,1,cat1
a752,0.785714,0.928571,0.769231,0.071429,3,cat3
a753,0.357143,0.5,0.230769,0.857143,3,cat3
a754,1,0.285714,0.615385,1,2,cat2
a755,0.571429,0.357143,0.769231,0.142857,2,cat2
a756,0.357143,0.5,0.230769,0.857143,2,cat2
a757,0.142857,1,0.153846,0.642857,1,cat1
a758,0.785714,0.928571,0.769231,0.071429,4,cat4
a759,0.071429,0.142857,0.923077,0.428571,1,cat1
a760,0.642857,0.571429,0.384615,0.142857,2,cat2
a761,0.928571,0.214286,0.461538,0.428571,1,cat1
a762,0.214286,0.142857,0,1,1,cat1
a763,0.5,0.857143,0.461538,0.285714,2,cat2
a764,0.928571,0.214286,0.461538,0.428571,2,cat2
a765,0.928571,0.214286,0.461538,0.428571,1,cat1
a766,0.785714,0.928571,0.769231,0.071429,3,cat3
a767,0.857143,0.571429,0.538462,0.428571,2,cat2
a768,0.714286,0.214286,0.461538,1,2,cat2
a769,0.142857,0.5,0.692308,0.142857,3,cat3
a770,0.714286,0.5,0.076923,0.428571,2,cat2
a771,0,0.714286,0.923077,0.5,2,cat2
a772,0.714286,0.214286,0.461538,1,3,cat3
a773,1,0,0.461538,0,2,cat2
a774,0.928571,0.428571,0.384615,0,2,cat2
a775,0.142857,0.071429,0.384615,0.071429,1,cat1
a776,0,0.357143,0.538462,0.142857,1,cat1
a777,0.357143,0.928571,0,0.785714,3,cat3
a778,0.142857,0.071429,0.384615,0.071429,1,cat1
a779,0,0.357143,0.538462,0.142857,1,cat1
a780,0.5,0.214286,0.538462,0,1,cat1
a781,0.571429,0.428571,0.307692,0.357143,1,cat1
a782,0.142857,0.5,0.692308,0.142857,1,cat1
a783,0.714286,0.714286,0.461538,0.642857,3,cat3
a784,0.714286,0.5,0.076923,0.428571,3,cat3
a785,0.071429,0.642857,0.307692,0.071429,1,cat1
a786,0.714286,0.214286,0.461538,1,1,cat1
a787,0.857143,0.285714,0.384615,0.928571,2,cat2
a788,0.571429,0.428571,0.307692,0.357143,1,cat1
a789,0.071429,0.642857,0.307692,0.071429,2,cat2
a790,0.214286,0.214286,0.384615,0.642857,1,cat1
a791,0.214286,0.142857,0,1,1,cat1
a792,1,0,0.461538,0,1,cat1
a793,0.071429,0.642857,0.307692,0.071429,2,cat2
a794,0.071429,0.142857,0.923077,0.428571,1,cat1
a795,0.5,0.214286,0.538462,0,1,cat1
a796,0.071429,0.142857,0.923077,0.428571,1,cat1
a797,0.714286,0.714286,0.461538,0.642857,2,cat2
a798,0.714286,0.928571,0.384615,0,4,cat4
a799,0.857143,0.714286,0.923077,0.5,2,cat2
a800,0.642857,0.214286,0.769231,0.357143,2,cat2
a801,0.714286,0.5,0.076923,0.428571,1,cat1
a802,0.642857,0.142857,0.538462,0.714286,1,cat1
a803,0.571429,0.428571,0.307692,0.357143,2,cat2
a804,0.5,0.714286,0.615385,0.928571,3,cat3
a805,0.071429,0.642857,0.307692,0.071429,1,cat1
a806,0.857143,0.642857,0.769231,0.428571,3,cat3
a807,0.142857,0.642857,0.538462,0.357143,1,cat1
a808,0,0.714286,0.923077,0.5,1,cat1
a809,0.928571,0.428571,0.384615,0,2,cat2
a810,0.071429,0.142857,0.923077,0.428571,1,cat1
a811,0,0.714286,0.923077,0.5,2,cat2
a812,0.642857,0.142857,0.538462,0.714286,2,cat2
a813,0.571429,0.857143,0.461538,0.071429,3,cat3
a814,0.714286,0.928571,0.384615,0,2,cat2
a815,0.071429,0.142857,0.923077,0.285714,1,cat1
a816,0.857143,0.285714,0.384615,0.928571,2,cat2
a817,0,0.714286,0.923077,0.5,2,cat2
a818,0.714286,0.214286,0.461538,1,2,cat2
a819,0.071429,0.642857,0.307692,0.071429,2,cat2
a820,0.571429,0.428571,0.307692,0.357143,3,cat3
a821,0.928571,0.642857,0.153846,0.571429,3,cat3
a822,0.857143,0.285714,0.384615,0.928571,2,cat2
a823,0.357143,0.5,0.230769,0.857143,2,cat2
a824,0.642857,0.142857,0.538462,0.714286,2,cat2
a825,0.642857,0.142857,0.538462,0.714286,2,cat2
a826,0.142857,0.5,0.692308,0.142857,1,cat1
a827,0.071429,0.142857,0.923077,0.285714,1,cat1
a828,0.142857,0.071429,0.384615,0.071429,1,cat1
a829,0.857143,0.714286,0.923077,0.5,4,cat4
a830,0.714286,0.714286,0.461538,0.642857,3,cat3
a831,0.928571,0.214286,0.461538,0.428571,2,cat2
a832,0.642857,0.571429,0.384615,0.142857,2,cat2
a833,0,0.357143,0.538462,0.142857,1,cat1
a834,0.785714,0.928571,0.769231,0.071429,4,cat4
a835,1,0.142857,0.307692,0.071429,1,cat1
a836,0.857143,0.285714,0.692308,1,1,cat1
a837,0.928571,0.428571,0.923077,0.142857,2,cat2
a838,0.214286,0.428571,0.153846,0.857143,1,cat1
a839,0.714286,0.928571,0.384615,0,3,cat3
a840,0.071429,0.214286,0.769231,0.5,1,cat1
a841,0.857143,0.285714,0.384615,0.928571,2,cat2
a842,0.071429,0.142857,0.923077,0.428571,1,cat1
a843,1,0,0.461538,0,2,cat2
a844,0.928571,0.214286,0.461538,0.428571,2,cat2
a845,0.714286,0.928571,0.384615,0,3,cat3
a846,0.857143,0.285714,0.384615,0.928571,3,cat3
a847,0.571429,0.357143,0.769231,0.142857,1,cat1
a848,0.071429,0.214286,0.769231,0.5,1,cat1
a849,0.642857,0.571429,0.384615,0.142857,2,cat2
a850,0.357143,0.5,0.230769,0.857143,1,cat1
a851,0.642857,0.142857,0.538462,0.714286,1,cat1
a852,0.928571,0.428571,0.384615,0,2,cat2
a853,0.571429,0.428571,0.307692,0.357143,1,cat1
a854,0.071429,0.142857,0.923077,0.428571,2,cat2
a855,0.857143,0.571429,0.538462,0.428571,3,cat3
a856,0,0.357143,0.538462,0.142857,1,cat1
a857,0.071429,0.142857,0.923077,0.428571,1,cat1
a858,0.714286,0.5,0.076923,0.428571,2,cat2
a859,0.857143,0.428571,0.307692,0.714286,3,cat3
a860,0.357143,0.5,0.230769,0.857143,1,cat1
a861,1,0.142857,0.307692,0.071429,1,cat1
a862,0.928571,0.428571,0.923077,0.142857,2,cat2
a863,0.571429,0.857143,0.461538,0.071429,1,cat1
a864,0.928571,0.428571,0.923077,0.142857,1,cat1
a865,0.714286,0.214286,0.461538,1,1,cat1
a866,0.571429,0.428571,0.307692,0.357143,2,cat2
a867,0.071429,0.642857,0.307692,0.071429,2,cat2
a868,0.642857,0.571429,0.384615,0.142857,2,cat2
a869,0.928571,0.214286,0.461538,0.428571,1,cat1
a870,1,0.142857,0.307692,0.071429,1,cat1
a871,0.5,0.714286,0.615385,0.928571,3,cat3
a872,0.928571,0.428571,0.923077,0.142857,2,cat2
a873,1,0.142857,0.307692,0.071429,1,cat1
a874,0.142857,0.642857,0.538462,0.357143,2,cat2
a875,0.214286,0.214286,0.384615,0.642857,1,cat1
a876,0,0.714286,0.923077,0.5,1,cat1
a877,0.571429,0.857143,0.461538,0.071429,2,cat2
a878,0.857143,0.428571,0.307692,0.714286,1,cat1
a879,0.214286,0.142857,0,1,1,cat1
a880,0.857143,0.428571,0.307692,0.714286,1,cat1
a881,0.5,0.857143,0.461538,0.285714,3,cat3
a882,0.642857,0.214286,0.769231,0.357143,2,cat2
a883,0.357143,0.928571,0,0.785714,1,cat1
a884,0.857143,0.642857,0.769231,0.428571,3,cat3
a885,1,0.142857,0.307692,0.071429,1,cat1
a886,0.785714,0.928571,0.769231,0.071429,3,cat3
a887,0.214286,0.142857,0,1,2,cat2
a888,0.071429,0.142857,0.923077,0.285714,1,cat1
a889,0.857143,0.285714,0.692308,1,2,cat2
a890,0.714286,0.714286,0.461538,0.642857,3,cat3
a891,0.071429,0.142857,0.923077,0.428571,2,cat2
a892,0.214286,0.214286,0.384615,0.642857,1,cat1
a893,0.5,0.857143,0.461538,0.285714,1,cat1
a894,1,0.785714,1,1,4,cat4
a895,0.071429,0.214286,0.769231,0.5,3,cat3
a896,0.928571,0.642857,0.153846,0.571429,3,cat3
a897,0.642857,0.142857,0.538462,0.714286,1,cat1
a898,0.642857,0.142857,0.538462,0.714286,3,cat3
a899,0.071429,0.142857,0.923077,0.285714,1,cat1
a900,0.5,0.714286,0.615385,0.928571,2,cat2
a901,0.5,0.714286,0.615385,0.928571,2,cat2
a902,0.071429,0.214286,0.769231,0.5,2,cat2
a903,1,0,0.461538,0,1,cat1
a904,0.714286,0.214286,0.461538,1,2,cat2
a905,0.857143,0.285714,0.692308,1,3,cat3
a906,0.071429,0.142857,0.923077,0.428571,1,cat1
a907,0.5,0.214286,0.538462,0,1,cat1
a908,1,0.785714,1,1,4,cat4
a909,0.214286,0.142857,0,1,3,cat3
a910,0.714286,0.928571,0.384615,0,2,cat2
a911,0.571429,0.357143,0.769231,0.142857,2,cat2
a912,0.928571,0.428571,0.384615,0,2,cat2
a913,0.714286,0.214286,0.461538,1,2,cat2
a914,0.714286,0.714286,0.461538,0.642857,2,cat2
a915,0.857143,0.571429,0.538462,0.428571,2,cat2
a916,0.642857,0.214286,0.769231,0.357143,3,cat3
a917,0,0.357143,0.538462,0.142857,1,cat1
a918,0.357143,0.5,0.230769,0.857143,1,cat1
a919,0.142857,0.5,0.692308,0.142857,2,cat2
a920,0.142857,0.071429,0.384615,0.071429,1,cat1
a921,0.714286,0.214286,0.461538,1,1,cat1
a922,0.142857,0.071429,0.384615,0.071429,1,cat1
a923,0.928571,0.428571,0.923077,0.142857,2,cat2
a924,0.857143,0.285714,0.384615,0.928571,2,cat2
a925,0.928571,0.428571,0.384615,0,1,cat1
a926,1,0,0.461538,0,3,cat3
a927,0,0.714286,0.923077,0.5,1,cat1
a928,0.928571,0.428571,0.923077,0.142857,1,cat1
a929,0.714286,0.5,0.076923,0.428571,2,cat2
a930,0.714286,0.714286,0.461538,0.642857,1,cat1
a931,0.571429,0.428571,0.307692,0.357143,1,cat1
a932,1,0.142857,0.307692,0.071429,1,cat1
a933,0.071429,0.142857,0.923077,0.285714,1,cat1
a934,0.071429,0.142857,0.923077,0.285714,1,cat1
a935,0.571429,0.428571,0.307692,0.357143,1,cat1
a936,0.357143,0.928571,0,0.785714,2,cat2
a937,0.785714,0.928571,0.769231,0.071429,1,cat1
a938,0.571429,0.428571,0.307692,0.357143,2,cat2
a939,0.857143,0.285714,0.692308,1,2,cat2
a940,0.857143,0.571429,0.538462,0.428571,3,cat3
a941,0.357143,0.5,0.230769,0.857143,2,cat2
a942,0.357143,0.928571,0,0.785714,1,cat1
a943,0.5,0.857143,0.461538,0.285714,3,cat3
a944,0.071429,0.214286,0.769231,0.5,1,cat1
a945,0.142857,1,0.153846,0.642857,2,cat2
a946,0.857143,0.714286,0.923077,0.5,2,cat2
a947,0.714286,0.5,0.076923,0.428571,1,cat1
a948,1,0.142857,0.307692,0.071429,2,cat2
a949,0.714286,0.142857,1,0.285714,3,cat3
a950,1,0.142857,0.307692,0.071429,2,cat2
a951,0.928571,0.428571,0.384615,0,2,cat2
a952,0.214286,0.142857,0,1,1,cat1
a953,0.714286,0.928571,0.384615,0,2,cat2
a954,0.857143,0.571429,0.538462,0.428571,2,cat2
a955,0.071429,0.142857,0.923077,0.285714,1,cat1
a956,0.857143,0.285714,0.384615,0.928571,2,cat2
a957,0.642857,0.571429,0.384615,0.142857,2,cat2
a958,0.857143,0.714286,0.923077,0.5,1,cat1
a959,0.5,0.214286,0.538462,0,1,cat1
a960,0.642857,0.571429,0.384615,0.142857,2,cat2
a961,0.928571,0.214286,0.461538,0.428571,1,cat1
a962,0,0.357143,0.538462,0.142857,1,cat1
a963,0.857143,0.571429,0.538462,0.428571,1,cat1
a964,0.214286,0.142857,0,1,1,cat1
a965,0.5,0.714286,0.615385,0.928571,1,cat1
a966,0.5,0.857143,0.461538,0.285714,2,cat2
a967,0.928571,0.428571,0.923077,0.142857,2,cat2
a968,0.5,0.714286,0.615385,0.928571,2,cat2
a969,0.642857,0.571429,0.384615,0.142857,1,cat1
a970,0.857143,0.285714,0.692308,1,2,cat2
a971,0.857143,0.428571,0.307692,0.714286,3,cat3
a972,0.571429,0.857143,0.461538,0.071429,1,cat1
a973,0.857143,0.714286,0.923077,0.5,1,cat1
a974,0,0.714286,0.923077,0.5,3,cat3
a975,0.714286,0.214286,0.461538,1,2,cat2
a976,0,0.714286,0.923077,0.5,4,cat4
a977,0.714286,0.214286,0.461538,1,1,cat1
a978,0.214286,0.428571,0.153846,0.857143,3,cat3
a979,0.571429,0.428571,0.307692,0.357143,1,cat1
a980,0.714286,0.142857,1,0.285714,1,cat1
a981,0.142857,0.071429,0.384615,0.071429,1,cat1
a982,0.857143,0.714286,0.923077,0.5,3,cat3
a983,0.642857,0.571429,0.384615,0.142857,2,cat2
a984,0.571429,0.428571,0.307692,0.357143,1,cat1
a985,1,0,0.461538,0,3,cat3
a986,0.214286,0.428571,0.153846,0.857143,1,cat1
a987,0.142857,0.5,0.692308,0.142857,1,cat1
a988,0.5,0.857143,0.461538,0.285714,2,cat2
a989,0.928571,0.214286,0.461538,0.428571,1,cat1
a990,0.214286,0.428571,0.153846,0.857143,1,cat1
a991,0.214286,0.428571,0.153846,0.857143,1,cat1
a992,0.571429,0.357143,0.769231,0.142857,1,cat1
a993,0.642857,0.571429,0.384615,0.142857,4,cat4
a994,0.642857,0.214286,0.769231,0.357143,1,cat1
a995,0.714286,0.5,0.076923,0.428571,1,cat1
a996,0.142857,1,0.153846,0.642857,1,cat1
a997,0.357143,0.5,0.230769,0.857143,1,cat1
a998,0.071429,0.142857,0.923077,0.285714,1,cat1
a999,0.071429,0.142857,0.923077,0.428571,1,cat1
a1000,0.714286,0.214286,0.461538,1,1,cat1
