criterion;direction;;;;;
c1;1;;;;;
c2;1;;;;;
c3;1;;;;;
c4;1;;;;;
;;;;;;
category;rank;;;;;
cat1;1;;;;;
cat2;2;;;;;
cat3;3;;;;;
cat4;4;;;;;
cat5;5;;;;;
;;;;;;
pt;c1;c2;c3;c4;score;assignment
a1;1;0.5;0.75;0;3;cat4
a2;0.75;0.75;0;0.75;3;cat4
a3;0.5;1;0.25;0;2;cat3
a4;0.5;0.25;0.5;0.75;2;cat3
a5;0.5;0.75;1;0.5;2;cat3
a6;0;0.25;0.25;0;0;cat1
a7;0.25;0.5;0.5;0.25;2;cat3
a8;1;0.5;1;0.75;3;cat4
a9;0.75;0.75;0.75;0.25;2;cat3
a10;0;1;1;0.25;2;cat3
a11;0.5;1;0;0.75;4;cat5
a12;0.5;0.25;0.5;0;1;cat2
a13;0;0;1;0;0;cat1
a14;0.25;1;0.5;0.25;2;cat3
a15;1;0.5;0.75;0;2;cat3
a16;0;0.5;0;0;1;cat2
a17;1;0;0;0.5;2;cat3
a18;0.75;0.25;0.5;0.5;1;cat2
a19;0;0.5;0;0;0;cat1
a20;1;0;0.75;0;1;cat2
a21;0;1;1;0.25;3;cat4
a22;0;0.5;1;1;2;cat3
a23;0;1;1;1;3;cat4
a24;0;0.5;0.25;0.5;2;cat3
a25;0.5;0.5;0;1;2;cat3
a26;0.5;0.25;0.5;0;1;cat2
a27;0.5;0.5;0.5;0.75;2;cat3
a28;0.5;1;1;1;4;cat5
a29;0;0.5;0;0.25;1;cat2
a30;0.25;0.25;0.25;0.5;1;cat2
a31;1;0.75;0.5;0;2;cat3
a32;0;0.25;0.5;0.5;2;cat3
a33;0.5;0.5;0.25;1;2;cat3
a34;1;0.5;1;0.5;2;cat3
a35;0.25;0.25;0.25;0.5;1;cat2
a36;1;0.25;0.75;0.25;2;cat3
a37;0.75;1;0.25;0.5;4;cat5
a38;0.5;0.5;0;0;2;cat3
a39;1;0.5;0.75;0.25;1;cat2
a40;0.75;0.25;0.5;0;1;cat2
a41;0.25;0.25;1;0.25;1;cat2
a42;0.25;0.5;0;1;2;cat3
a43;0.5;0.5;0.5;0.75;2;cat3
a44;0.5;0.75;1;0.5;2;cat3
a45;1;0;0;1;1;cat2
a46;0.25;0.25;1;0.25;1;cat2
a47;1;0.25;0.25;1;3;cat4
a48;0.75;1;0.75;0;4;cat5
a49;0;0.5;0.25;0.5;1;cat2
a50;1;0.5;0.75;0;2;cat3
a51;0.25;0.5;0.75;0;1;cat2
a52;0.25;0;0.75;0.25;0;cat1
a53;1;0.5;0.75;0;3;cat4
a54;0.25;0;1;1;1;cat2
a55;1;0;1;0.75;4;cat5
a56;0.75;0.75;0;0.75;3;cat4
a57;0.25;0.25;0.25;0.5;1;cat2
a58;0.75;0;0.5;1;2;cat3
a59;0.75;0;0.5;1;1;cat2
a60;0.25;1;0.5;0.25;2;cat3
a61;0;0.5;0.25;0.75;1;cat2
a62;0.5;0.5;0.75;0.75;3;cat4
a63;0.25;0.75;0;0.25;1;cat2
a64;0.5;0.75;0.5;1;2;cat3
a65;0.5;0.75;0.5;1;3;cat4
a66;0.75;0.25;0.5;0.5;2;cat3
a67;0.5;1;0;0.75;2;cat3
a68;0.75;0.75;0;0.75;3;cat4
a69;0;1;1;0.5;1;cat2
a70;0.5;1;0;0.75;3;cat4
a71;0.25;0.5;0.75;0.5;2;cat3
a72;0.5;0.75;0.5;1;4;cat5
a73;0.5;0;0;0;0;cat1
a74;0.5;0.25;0.5;0;1;cat2
a75;1;0;0.75;0;2;cat3
a76;0.75;0.25;0.25;0;0;cat1
a77;0.25;0;0.5;0.5;0;cat1
a78;1;0;0;0.5;2;cat3
a79;0.25;0.25;1;0.25;1;cat2
a80;0.5;0.25;0.25;0.5;1;cat2
a81;0.5;0.5;0;1;2;cat3
a82;0;0.5;0;0.25;1;cat2
a83;0;0.5;0.25;0.5;2;cat3
a84;0.25;0.5;1;0.5;2;cat3
a85;0;0.5;0;0.25;0;cat1
a86;1;0.75;0.5;0;2;cat3
a87;0.25;0.75;0;0.25;1;cat2
a88;0.5;0;0;0;0;cat1
a89;1;0;1;0.75;3;cat4
a90;0.5;0.5;0.75;0.75;2;cat3
a91;0;0.5;0.75;0.75;1;cat2
a92;0;0.5;0.25;0.75;1;cat2
a93;0.75;0.75;1;0.25;3;cat4
a94;0.25;0.5;0;1;2;cat3
a95;0.5;0.5;0.75;0.5;2;cat3
a96;0.75;0.25;0.5;0.5;2;cat3
a97;0.5;1;0.5;0.25;3;cat4
a98;0;0.25;0.5;0.5;1;cat2
a99;0.5;0.75;0.5;0.75;3;cat4
a100;0.5;1;0;0.75;3;cat4
a101;0.25;0.25;0.25;0.5;0;cat1
a102;0;0.75;0.75;0;3;cat4
a103;0;0.5;0;0;1;cat2
a104;0.5;0.75;0.5;1;2;cat3
a105;0.5;0.5;0.25;1;2;cat3
a106;0.5;0.5;0.75;0.75;1;cat2
a107;0;0.75;0.75;0;1;cat2
a108;0.5;0.5;0.75;0.75;2;cat3
a109;1;0.25;0;0.5;2;cat3
a110;0.75;1;0.5;0.5;1;cat2
a111;0;1;0.5;0.75;3;cat4
a112;0;0;1;0;0;cat1
a113;1;0.25;0.75;0.25;2;cat3
a114;0;0.75;0.5;1;2;cat3
a115;0.5;1;1;1;3;cat4
a116;0;0.75;1;1;2;cat3
a117;0.5;1;0;0.75;2;cat3
a118;0.5;0.5;0.75;0.75;2;cat3
a119;0.5;0.5;0.75;0.75;2;cat3
a120;0.5;1;0.75;0.5;3;cat4
a121;0.5;0.25;0.5;0.75;2;cat3
a122;0.5;0.25;0.5;0.75;1;cat2
a123;1;0.5;1;0.5;3;cat4
a124;0.5;1;0;0.5;2;cat3
a125;0;0.5;0.25;0.5;1;cat2
a126;0.25;0.5;0.75;0.5;2;cat3
a127;0.25;1;0;1;3;cat4
a128;0;0;0.25;1;1;cat2
a129;1;0;1;0.75;3;cat4
a130;0.75;1;0.5;0.5;2;cat3
a131;0.5;0.5;0;0;1;cat2
a132;0.25;0;0.75;0.25;0;cat1
a133;1;0.25;0.25;1;1;cat2
a134;1;0.5;1;0.5;3;cat4
a135;0.5;1;0.25;0;2;cat3
a136;1;0;0;0.5;2;cat3
a137;0;1;1;1;3;cat4
a138;0.5;0.5;0;1;2;cat3
a139;1;0.25;0.75;0.25;2;cat3
a140;0;0.75;1;0;1;cat2
a141;1;0.25;0;0.5;1;cat2
a142;0.25;0.25;0.25;0.5;1;cat2
a143;0.5;0;0;0;0;cat1
a144;0;1;0.5;0.75;2;cat3
a145;0.75;0.25;0.25;0;1;cat2
a146;0.5;1;0;0.75;3;cat4
a147;1;0.75;1;0.75;3;cat4
a148;0.5;1;0.75;0.5;3;cat4
a149;0;0.25;0.25;0;0;cat1
a150;1;0.5;1;0.75;3;cat4
a151;0;0;0.25;1;0;cat1
a152;0.5;0.25;0.25;0.5;1;cat2
a153;0.5;0.5;0;1;2;cat3
a154;0;0.5;0;0;1;cat2
a155;0.75;0.75;0;0.75;3;cat4
a156;0.75;0.25;0.5;0;1;cat2
a157;0.5;0.5;0;0;2;cat3
a158;0.25;0;0.75;0.25;1;cat2
a159;0.25;0.75;0;0.25;2;cat3
a160;1;0.25;0;0.5;2;cat3
a161;0.25;0.5;0;1;1;cat2
a162;0.25;0.5;0.75;0.5;2;cat3
a163;0.5;0;1;0.75;3;cat4
a164;0.5;0;1;0.75;2;cat3
a165;0.25;0.25;1;0.25;1;cat2
a166;0.25;0;0.5;0.5;1;cat2
a167;0.25;0.5;0.5;0.25;2;cat3
a168;1;0;0;1;1;cat2
a169;0.75;0.25;0.5;0.5;2;cat3
a170;0.5;1;0;0.5;2;cat3
a171;0.25;0.25;0.25;0.5;1;cat2
a172;0.75;0.75;1;0.25;3;cat4
a173;0.25;0.5;0.75;0;1;cat2
a174;0;0.75;0.75;0;2;cat3
a175;0.75;0.25;0.5;0;1;cat2
a176;1;0.25;0.75;0.25;1;cat2
a177;0.25;0.25;1;0.5;1;cat2
a178;0.75;0.25;0.5;0.5;1;cat2
a179;1;0;0;0.5;1;cat2
a180;0;0.5;0.25;0.5;1;cat2
a181;0;0;0.25;1;1;cat2
a182;1;0;1;0.25;0;cat1
a183;0;0.5;0;0;1;cat2
a184;0;0.25;1;0.75;1;cat2
a185;0.75;1;1;0;3;cat4
a186;0.5;0.75;0.5;1;2;cat3
a187;0.75;1;0.75;0;4;cat5
a188;0.5;0.75;0.5;0.75;2;cat3
a189;0;0.5;0;0;1;cat2
a190;1;0.25;0.25;1;2;cat3
a191;0.25;0;0.5;0.5;1;cat2
a192;0;0.5;0;0;1;cat2
a193;0.5;1;0.5;0.25;1;cat2
a194;0.5;1;0.5;0.25;2;cat3
a195;0.25;0.5;0.5;0.25;1;cat2
a196;0.25;0.25;1;0.25;0;cat1
a197;0;0;0.75;0;0;cat1
a198;0.5;0.5;0;1;2;cat3
a199;0.5;1;0.75;0.5;3;cat4
a200;0;1;1;0.5;3;cat4
a201;0.5;0.5;0;1;2;cat3
a202;0.75;0.75;0.75;0.25;2;cat3
a203;0.5;0.5;0.75;0.75;2;cat3
a204;0.5;1;0.75;0.5;3;cat4
a205;0.5;0.5;0.75;0.5;2;cat3
a206;0;1;1;1;3;cat4
a207;0.5;0.75;0.5;1;2;cat3
a208;1;0.5;0.75;0;3;cat4
a209;0.5;1;0.75;0.5;0;cat1
a210;0.5;0.25;0.5;0.75;1;cat2
a211;0.25;0.5;0.75;0.5;2;cat3
a212;1;0;0;1;1;cat2
a213;0.75;0;0.5;1;1;cat2
a214;1;0;1;0.75;4;cat5
a215;0.25;0.75;0;0.25;1;cat2
a216;0;0.75;1;0;2;cat3
a217;0.5;0;1;0.75;2;cat3
a218;1;0.75;0.5;0;3;cat4
a219;1;0.5;0.75;0.25;2;cat3
a220;0.75;0.75;0;0.5;3;cat4
a221;0.5;0.75;0.5;0.75;3;cat4
a222;0.25;0;0.25;0.75;1;cat2
a223;0.5;0.25;0.25;0.5;1;cat2
a224;0;1;0.5;0.75;0;cat1
a225;0.25;0.5;0.75;0;1;cat2
a226;0;0.5;0;0.25;1;cat2
a227;0;0.25;0.5;0.5;1;cat2
a228;0.25;0;1;1;4;cat5
a229;0.75;0.75;0;0.5;2;cat3
a230;0;0.5;0.25;0.75;1;cat2
a231;0.5;0.5;0.5;0.75;3;cat4
a232;0.75;1;0.75;0;3;cat4
a233;0.5;1;0.5;0.25;2;cat3
a234;0.5;0.5;0.75;0.75;2;cat3
a235;0.5;0.25;0;0.5;1;cat2
a236;0;0.75;1;0;0;cat1
a237;0.75;1;0.5;0.5;3;cat4
a238;0;0.75;1;0;3;cat4
a239;0.25;0;1;1;0;cat1
a240;0.5;1;0;0.75;2;cat3
a241;0.5;0.5;0.5;0.75;2;cat3
a242;0;0.5;0.25;0.5;1;cat2
a243;0;0.5;0.25;0.75;1;cat2
a244;0.75;0.75;0.75;0.25;2;cat3
a245;0.25;0.5;0.75;0;2;cat3
a246;0.5;0.5;1;0.25;2;cat3
a247;0.75;0.75;0;0.75;3;cat4
a248;1;0.5;0.75;0;3;cat4
a249;0.75;0.75;1;0.25;3;cat4
a250;1;0.75;1;0.75;3;cat4
a251;0;1;0.25;0.75;3;cat4
a252;0;1;1;1;4;cat5
a253;0.5;0.5;0.75;0.75;2;cat3
a254;0.25;0.25;1;0.5;1;cat2
a255;1;0.75;0.5;0;3;cat4
a256;0.25;0.5;0.75;0;2;cat3
a257;0.5;0;0.75;1;2;cat3
a258;0;0.25;0.5;0.75;1;cat2
a259;0;1;1;0.25;3;cat4
a260;0.75;1;0.5;0.5;4;cat5
a261;1;0.5;1;0.5;3;cat4
a262;0.5;1;0;0.75;3;cat4
a263;0.5;0.25;0.25;0.5;1;cat2
a264;0;1;0.25;0.75;0;cat1
a265;0.5;1;0;0.75;2;cat3
a266;0;0;0.25;1;1;cat2
a267;0.25;0.5;0;1;2;cat3
a268;0.25;0;0.75;0.25;0;cat1
a269;0.5;0.5;0.75;0.75;2;cat3
a270;0;0.5;1;1;2;cat3
a271;0.25;0;1;1;1;cat2
a272;1;0.75;0.5;0;3;cat4
a273;1;0.5;1;0.75;3;cat4
a274;0.5;0.5;0;1;0;cat1
a275;0.25;0.25;1;0.5;1;cat2
a276;0.5;0.75;0.5;1;3;cat4
a277;0.5;1;0.75;0.5;3;cat4
a278;0.75;0.25;0.5;0;2;cat3
a279;1;0.25;0;0.5;1;cat2
a280;0.5;1;0;0.75;3;cat4
a281;0;0.5;0.75;0.75;2;cat3
a282;0.5;1;0.25;0;2;cat3
a283;0.25;0;0.5;0;1;cat2
a284;0.75;1;0.75;0;2;cat3
a285;0;0.5;0.75;0.75;2;cat3
a286;0.25;0.5;0.5;0.25;1;cat2
a287;0;0.5;0.75;0.75;3;cat4
a288;0;0.75;1;0;2;cat3
a289;0.5;0.5;0.75;0.75;2;cat3
a290;0;1;1;1;1;cat2
a291;1;0.25;0.25;1;2;cat3
a292;1;0;1;0.25;2;cat3
a293;0;0.25;0.25;0;0;cat1
a294;0.75;0.5;0.5;0.5;2;cat3
a295;0.5;0.75;0.5;0.75;2;cat3
a296;0.75;0.75;1;0.25;3;cat4
a297;0.75;1;0.25;0.5;3;cat4
a298;1;0;1;0.75;4;cat5
a299;0;0;0.25;1;1;cat2
a300;1;0;1;0.25;2;cat3
a301;0.25;1;0.5;0.25;2;cat3
a302;1;0.75;1;0.75;3;cat4
a303;0.75;0;0.5;1;1;cat2
a304;0.5;0.25;0.5;0.75;2;cat3
a305;0.5;0.25;0.5;0;2;cat3
a306;0;0.75;1;0;1;cat2
a307;0.5;0.5;0.75;0.75;2;cat3
a308;1;0.25;0.75;0.25;2;cat3
a309;0.5;0.5;0.75;0.75;2;cat3
a310;0.5;1;0.25;0;2;cat3
a311;0;1;0.5;0.75;3;cat4
a312;0.25;0;0.5;0;1;cat2
a313;0.25;1;0;1;2;cat3
a314;0.75;0.75;0;0.75;2;cat3
a315;0;1;1;0.5;3;cat4
a316;0.5;0;0.5;0.5;1;cat2
a317;0.75;0.25;0.5;0.5;2;cat3
a318;0;0;0.75;0;0;cat1
a319;0.75;1;0.25;0.5;3;cat4
a320;0;1;1;0.25;2;cat3
a321;0;0;0.75;0;0;cat1
a322;1;0.5;1;0.5;2;cat3
a323;0.5;0;0.75;1;2;cat3
a324;0;1;0.25;0.75;2;cat3
a325;0.75;0.25;0.5;0;1;cat2
a326;0.5;1;0.5;0.25;3;cat4
a327;0.75;0.75;0.75;0.25;3;cat4
a328;1;0.25;0.75;0.25;2;cat3
a329;1;0.75;0.5;0;2;cat3
a330;0.5;0;0;0;0;cat1
a331;0.75;0;0.5;1;2;cat3
a332;1;0.5;1;0.75;3;cat4
a333;0.25;0;0.25;0.25;0;cat1
a334;0.25;0;0.5;0.5;1;cat2
a335;0.75;0.75;1;0.25;2;cat3
a336;0.5;0.75;0.5;0.75;2;cat3
a337;0.5;0.5;0.25;1;1;cat2
a338;0.5;1;1;1;3;cat4
a339;1;0.5;1;0.5;3;cat4
a340;0.5;0.5;0;0;1;cat2
a341;1;0.25;0.25;1;2;cat3
a342;1;0.75;1;0.75;4;cat5
a343;0;0.5;1;1;3;cat4
a344;0;0.25;0.5;0.75;2;cat3
a345;0.5;0.5;0.25;1;2;cat3
a346;0.75;1;1;0;3;cat4
a347;0.25;0.75;0;0.25;1;cat2
a348;0;0.75;0.75;0;0;cat1
a349;0;0.25;0.25;0;0;cat1
a350;1;0.25;0.75;0.25;3;cat4
a351;0;0.25;0.25;0;0;cat1
a352;0.5;1;0;0.75;2;cat3
a353;0.25;0;0.75;0.25;1;cat2
a354;0.5;1;0.25;0;2;cat3
a355;0.25;0.5;1;0.5;2;cat3
a356;0.5;0.75;1;0.5;3;cat4
a357;0.25;0;0.5;0.5;1;cat2
a358;0;0.5;0.25;0.75;1;cat2
a359;0.5;0.5;0;1;2;cat3
a360;0.5;0.25;0.5;0;1;cat2
a361;0.25;0.5;0;1;2;cat3
a362;0;0.5;0.25;0.5;2;cat3
a363;0.5;0.5;0.75;0.75;3;cat4
a364;0.75;0.75;0;0.75;3;cat4
a365;0;0.5;0.25;0.75;1;cat2
a366;0.25;0.25;1;0.5;2;cat3
a367;0.25;0.5;0.75;0.5;2;cat3
a368;0;1;1;0.5;2;cat3
a369;0;0.5;0.75;0.75;2;cat3
a370;0.5;1;0;0.75;3;cat4
a371;0;0.5;0.25;0.75;0;cat1
a372;0;0.5;0.25;0.75;1;cat2
a373;0;0.25;1;0.75;2;cat3
a374;0.5;1;0;0.75;3;cat4
a375;0;0.5;0.25;0.5;1;cat2
a376;1;0.25;0;0.5;1;cat2
a377;0;1;1;0.5;3;cat4
a378;0.5;0.25;0.5;0.75;2;cat3
a379;0;0;1;0;0;cat1
a380;0;0.75;0.5;1;2;cat3
a381;1;0.25;0.75;0.25;2;cat3
a382;0.75;0;0.5;1;2;cat3
a383;0.5;0.75;1;0.5;2;cat3
a384;0;0.5;0.25;0.75;1;cat2
a385;0.5;0.5;0.25;1;2;cat3
a386;0;1;0.5;0.75;2;cat3
a387;0;0.5;0.25;0.5;0;cat1
a388;0.25;0;0.75;0.25;0;cat1
a389;1;0;0;0.5;1;cat2
a390;0.5;0.25;0.5;0;1;cat2
a391;0;1;0.5;0.75;2;cat3
a392;0;0;1;0;0;cat1
a393;0;0.5;0.75;0.75;0;cat1
a394;0.5;0.5;0.75;0.75;2;cat3
a395;0.25;0.25;1;0.5;1;cat2
a396;0;0.75;0.5;1;2;cat3
a397;0;0.75;1;1;1;cat2
a398;0.5;0.5;0.75;0.75;2;cat3
a399;1;0;0;0.5;1;cat2
a400;0;0.5;0;0;0;cat1
a401;0.25;1;0;1;2;cat3
a402;0.75;0.5;0.5;1;2;cat3
a403;0.25;0.5;0.75;0.5;2;cat3
a404;0.25;1;0.5;0.25;1;cat2
a405;0;1;1;0.5;3;cat4
a406;0;0.5;0.25;0.5;2;cat3
a407;0.75;0.5;0.5;1;2;cat3
a408;0;0.5;0;0;0;cat1
a409;0.5;0.25;0.25;0.5;1;cat2
a410;0.5;0.5;0.75;0.75;3;cat4
a411;0.75;0.25;0.5;0;2;cat3
a412;0.5;0.75;0.5;1;3;cat4
a413;0.75;1;0.5;0.5;3;cat4
a414;0.25;0.25;0.25;0.5;1;cat2
a415;0;0.75;1;0;1;cat2
a416;0.75;0.25;0.5;0;2;cat3
a417;0.75;0.75;1;0.25;3;cat4
a418;0;0.5;0.25;0.5;1;cat2
a419;0.75;0;0.5;1;2;cat3
a420;0.75;0.25;0.25;0;1;cat2
a421;0.5;1;0.75;0.5;3;cat4
a422;0.25;1;0.5;0.25;2;cat3
a423;1;0.5;0.75;0.25;2;cat3
a424;0.5;0.25;0.25;0.5;2;cat3
a425;0;0.75;0.75;0;3;cat4
a426;0.5;0.5;1;0.25;1;cat2
a427;0;1;0.5;0.75;1;cat2
a428;0.5;0.5;1;0.25;2;cat3
a429;1;0.25;0.75;0.25;2;cat3
a430;0.75;0.75;0;0.5;2;cat3
a431;0.75;1;1;0;4;cat5
a432;0.5;0.5;0;0;1;cat2
a433;0;0.5;0.25;0.5;1;cat2
a434;0.25;0.5;1;0.5;1;cat2
a435;0.5;0.5;0.25;1;2;cat3
a436;0;0.5;1;1;0;cat1
a437;0.5;0.5;0.75;0.5;2;cat3
a438;0;0.25;1;0.75;1;cat2
a439;0.25;0.5;0.5;0.75;2;cat3
a440;0;1;1;0.5;3;cat4
a441;0.5;0.75;0.5;1;2;cat3
a442;0.75;0.25;0.5;0;1;cat2
a443;0.75;1;0.25;0.5;3;cat4
a444;0.75;1;1;0;3;cat4
a445;0.5;0;0.5;0.5;1;cat2
a446;0.5;1;0;0.5;2;cat3
a447;0.25;1;0.5;0.25;3;cat4
a448;1;0;0;0.5;1;cat2
a449;0.25;0.5;1;0.5;2;cat3
a450;0;1;1;1;4;cat5
a451;0.5;1;0;0.75;3;cat4
a452;0.5;1;0;0.5;2;cat3
a453;0;0.25;0.5;0.5;1;cat2
a454;0.5;0.5;0.75;0.5;2;cat3
a455;0;0.25;1;0.75;1;cat2
a456;0.5;1;0;0.75;3;cat4
a457;0.25;0;0.5;0.5;0;cat1
a458;0;1;0.25;0.75;2;cat3
a459;0.5;0.5;1;0.25;2;cat3
a460;0.5;0;1;0.75;1;cat2
a461;1;0;0;0.5;1;cat2
a462;0;0.5;0.25;0.75;1;cat2
a463;0.25;0.25;0.25;0.5;1;cat2
a464;0.25;0;0.75;0.25;0;cat1
a465;0.25;1;0;1;3;cat4
a466;0.75;0.25;0.5;0.5;2;cat3
a467;1;0.25;0;0.5;1;cat2
a468;0;1;1;0.5;2;cat3
a469;0.5;1;0.75;0.5;2;cat3
a470;0.25;0.5;0.5;0.25;2;cat3
a471;1;0.25;0.75;0.25;2;cat3
a472;0;0.5;0.25;0.75;2;cat3
a473;0;0.5;0.25;0.5;2;cat3
a474;0.25;0.5;0.5;0.75;2;cat3
a475;0;0.5;0.75;0.75;2;cat3
a476;0;0;0.25;1;0;cat1
a477;1;0.25;0;0.5;1;cat2
a478;0.5;0.5;0.75;0.75;2;cat3
a479;0.75;1;0.25;0.5;3;cat4
a480;0.25;0.5;0.5;0.25;1;cat2
a481;1;0;0.75;0;1;cat2
a482;0.25;0.25;1;0.5;1;cat2
a483;0.5;0.75;0.5;0.75;3;cat4
a484;1;0;0;0.5;1;cat2
a485;1;0.5;0.75;0.25;1;cat2
a486;0.75;0.5;0.5;1;2;cat3
a487;0.5;0.5;0.5;0.75;2;cat3
a488;0.25;0.5;1;0.5;2;cat3
a489;0;0.25;1;0.75;1;cat2
a490;1;0.5;1;0.75;3;cat4
a491;0;0.5;0.25;0.5;1;cat2
a492;0.75;0;0.5;1;1;cat2
a493;0;1;0.5;0.75;2;cat3
a494;0;0.5;0.75;0.75;2;cat3
a495;0.5;0.25;0.5;0;2;cat3
a496;0;0.75;1;0;2;cat3
a497;0.25;0;0.25;0.25;0;cat1
a498;0;0.75;0.5;1;2;cat3
a499;1;0.5;0.75;0;1;cat2
a500;0.75;0;0.5;1;2;cat3
a501;1;0.5;0.75;0;2;cat3
a502;0;0.25;1;0.75;2;cat3
a503;0.75;0.75;1;0.25;3;cat4
a504;0.5;1;0;0.75;3;cat4
a505;0;1;1;0.25;1;cat2
a506;0.75;0.25;0.5;0;2;cat3
a507;0;1;1;0.25;3;cat4
a508;0;0.5;0.75;0.75;1;cat2
a509;0.5;0.5;0.75;0.75;2;cat3
a510;0.5;0.5;0.75;0.75;2;cat3
a511;0;0.5;0;0;1;cat2
a512;0;0.5;0;0;0;cat1
a513;0;0;1;0;0;cat1
a514;0;0;0.75;0;0;cat1
a515;0.5;0.5;0.25;1;2;cat3
a516;0;1;1;0.5;3;cat4
a517;0;0.5;0;0;1;cat2
a518;0.5;0.5;1;0.25;2;cat3
a519;0.25;0.5;0;1;2;cat3
a520;0;1;1;0.5;3;cat4
a521;1;0;0;1;0;cat1
a522;0.25;0;0.75;0.25;1;cat2
a523;0.5;0.5;0.75;0.5;2;cat3
a524;1;0;1;0.25;3;cat4
a525;0;1;1;1;2;cat3
a526;0.5;0.25;0.5;0;1;cat2
a527;0;0.75;1;1;2;cat3
a528;1;0;1;0.25;3;cat4
a529;0;1;1;0.5;3;cat4
a530;0.25;0;1;1;1;cat2
a531;0.25;0.5;1;0.5;2;cat3
a532;0.75;1;0.5;0.5;4;cat5
a533;0;0;0.75;0;0;cat1
a534;0.25;0.25;1;0.25;2;cat3
a535;0.25;0.75;0;0.25;2;cat3
a536;0.75;0.5;0.5;0.5;2;cat3
a537;0.5;0.5;0.25;1;2;cat3
a538;0.5;1;0.75;0.5;3;cat4
a539;0.25;0.5;0.5;0.25;2;cat3
a540;0.5;0.5;0.5;0.75;2;cat3
a541;0.5;1;1;1;3;cat4
a542;0.5;0;0.75;1;0;cat1
a543;0.5;1;0.75;0.5;3;cat4
a544;0.5;1;0;0.75;2;cat3
a545;0;0.75;1;0;2;cat3
a546;0.5;1;0;0.75;2;cat3
a547;0.75;0;0.5;1;2;cat3
a548;0.5;0;0.5;0.5;1;cat2
a549;0;0.75;1;1;3;cat4
a550;0;0;0.25;1;1;cat2
a551;0.5;1;0;0.5;2;cat3
a552;0.75;1;0.5;0.5;3;cat4
a553;0;0.5;0.25;0.5;1;cat2
a554;0.25;1;0.5;0.25;3;cat4
a555;0.5;1;0;0.75;3;cat4
a556;0.5;0.5;0.5;0.75;2;cat3
a557;1;0.75;0.5;0;3;cat4
a558;0.5;0.5;0.5;0.75;2;cat3
a559;0.5;1;1;1;2;cat3
a560;0.25;0.5;1;0.5;2;cat3
a561;1;0.5;1;0.5;3;cat4
a562;0.25;0.25;0.25;0.5;1;cat2
a563;0.5;0.5;0.25;1;3;cat4
a564;0.75;1;0.5;0.5;3;cat4
a565;0.5;0.5;0;1;2;cat3
a566;0.75;1;0.25;0.5;3;cat4
a567;0;0.5;0.25;0.5;1;cat2
a568;0.25;0.75;0;0.25;2;cat3
a569;0.5;0;0.5;0.5;1;cat2
a570;0.5;0.5;0;1;2;cat3
a571;0.5;1;0;0.75;1;cat2
a572;0.25;0.5;0.5;0.25;2;cat3
a573;0.5;0.25;0.5;0.75;2;cat3
a574;0;0.75;0.75;0;3;cat4
a575;0;0;0.25;1;1;cat2
a576;0.25;1;0;1;2;cat3
a577;0;0;0.75;0;0;cat1
a578;0.5;0.75;0.5;0.75;1;cat2
a579;1;0.75;1;0.75;4;cat5
a580;0;0.75;1;1;3;cat4
a581;0.25;0.5;0;1;1;cat2
a582;1;0.25;0.75;0.25;1;cat2
a583;0.75;1;0.75;0;3;cat4
a584;0.25;0.5;0.5;0.25;2;cat3
a585;0.75;0.75;0;0.5;3;cat4
a586;0;0;0.75;0;0;cat1
a587;0.75;0.75;0.75;0.25;2;cat3
a588;0.5;1;0.5;0.25;2;cat3
a589;0.5;0.5;0.5;0.75;2;cat3
a590;0.5;0;0.75;1;1;cat2
a591;0.25;1;0;1;3;cat4
a592;1;0;0;1;3;cat4
a593;0;1;1;0.5;4;cat5
a594;0.25;0.5;0.75;0.5;2;cat3
a595;0.75;0;0.5;1;1;cat2
a596;0.5;0.75;1;0.5;2;cat3
a597;0.75;0.75;0;0.75;3;cat4
a598;0;1;1;0.5;3;cat4
a599;0.5;0.25;0.5;0;2;cat3
a600;0;0.75;0.5;1;1;cat2
a601;0;0;0.75;0;0;cat1
a602;1;0;0;1;2;cat3
a603;0.5;1;0;0.5;2;cat3
a604;0;0;0.75;0;0;cat1
a605;0.5;1;0;0.5;3;cat4
a606;0;0;1;0;0;cat1
a607;0;0.5;0;0;0;cat1
a608;0.25;0.5;0.75;0.5;2;cat3
a609;0;1;1;0.5;2;cat3
a610;0.5;0.25;0.5;0;1;cat2
a611;0;0.75;1;0;2;cat3
a612;1;0;0;1;2;cat3
a613;0.5;0.25;0;0.5;1;cat2
a614;0;0.5;0;0.25;1;cat2
a615;0.25;0.5;0;1;1;cat2
a616;0.5;1;0.75;0.5;2;cat3
a617;0.75;0.75;1;0.25;2;cat3
a618;0;0.5;0;0;0;cat1
a619;0.75;0.25;0.5;0;1;cat2
a620;0;0.5;0;0;1;cat2
a621;0.75;0.75;1;0.25;3;cat4
a622;0;0;1;0;0;cat1
a623;0.5;0.25;0;0.5;1;cat2
a624;1;0.75;0.5;0;2;cat3
a625;1;0.75;0.5;0;2;cat3
a626;1;0.25;0.25;1;2;cat3
a627;0.5;0.5;0.5;0.75;2;cat3
a628;0.5;0.25;0.5;0;1;cat2
a629;0.5;0.25;0;0.5;1;cat2
a630;0;0.75;1;1;2;cat3
a631;0.25;0;0.5;0;1;cat2
a632;0.75;0.75;0;0.5;3;cat4
a633;0;0;0.25;1;2;cat3
a634;1;0.25;0;0.5;1;cat2
a635;0.5;1;0;0.75;3;cat4
a636;1;0.5;0.75;0.25;2;cat3
a637;0.25;0.5;0.5;0.75;2;cat3
a638;0.5;0;0.5;0.5;2;cat3
a639;0.25;0.5;0.5;0.75;2;cat3
a640;0.5;1;0.25;0;3;cat4
a641;0.25;0;0.25;0.75;1;cat2
a642;1;0;1;0.25;3;cat4
a643;0;0.5;0.25;0.75;1;cat2
a644;0.5;0.5;0;1;2;cat3
a645;0;0.5;1;1;2;cat3
a646;0.5;1;0;0.5;2;cat3
a647;0.5;0.5;0;0;2;cat3
a648;0;0;0.75;0;1;cat2
a649;0.75;1;0.75;0;3;cat4
a650;1;0.5;1;0.5;2;cat3
a651;0.25;1;0.5;0.25;3;cat4
a652;0;0.25;1;0.75;2;cat3
a653;0.75;0.25;0.5;0.5;2;cat3
a654;0;0;0.75;0;0;cat1
a655;0.5;0.5;0;1;1;cat2
a656;0.5;0;0.5;0.5;1;cat2
a657;0.75;1;1;0;3;cat4
a658;0.5;1;0.5;0.25;2;cat3
a659;1;0.25;0.75;0.25;1;cat2
a660;0.75;0.25;0.5;0;2;cat3
a661;0;0;1;0;1;cat2
a662;0.5;0.75;1;0.5;3;cat4
a663;0.5;0.5;0;0;2;cat3
a664;0.75;0.75;0;0.75;3;cat4
a665;0.5;0;0.5;0.5;1;cat2
a666;0.5;0.5;0.75;0.75;3;cat4
a667;0.25;0.25;1;0.5;1;cat2
a668;0.5;0.5;0.75;0.75;2;cat3
a669;1;0.25;0.75;0.25;2;cat3
a670;0;1;1;0.25;2;cat3
a671;0.75;0.75;0;0.75;0;cat1
a672;1;0.25;0.75;0.25;2;cat3
a673;0.5;1;0.5;0.25;2;cat3
a674;0.25;0.5;0.5;0.75;2;cat3
a675;0;0.25;0.5;0.75;1;cat2
a676;0;1;1;1;3;cat4
a677;0.5;0.5;1;0.25;1;cat2
a678;0.5;0.5;0;0;1;cat2
a679;1;0.25;0.75;0.25;2;cat3
a680;0;0.5;0;0.25;2;cat3
a681;0.75;1;1;0;3;cat4
a682;0.75;1;1;0;3;cat4
a683;0;0.5;1;1;2;cat3
a684;0;1;1;0.25;2;cat3
a685;0.5;0.25;0.25;0.5;1;cat2
a686;0;0;0.25;1;0;cat1
a687;0.75;0.75;0;0.75;3;cat4
a688;0;0.25;1;0.75;0;cat1
a689;0;0.5;1;1;2;cat3
a690;1;0.75;0.5;0;2;cat3
a691;0.75;0.75;0;0.5;3;cat4
a692;0.5;1;0.75;0.5;2;cat3
a693;0.5;0;0.75;1;2;cat3
a694;1;0;0;1;2;cat3
a695;0;0.5;1;1;2;cat3
a696;0.5;0.5;0.75;0.75;2;cat3
a697;1;0.75;0.5;0;1;cat2
a698;0;0;0.75;0;1;cat2
a699;0.5;0.5;0.75;0.75;2;cat3
a700;0.5;1;0.25;0;2;cat3
a701;0;0.5;0;0;1;cat2
a702;0.75;0.25;0.25;0;1;cat2
a703;0.5;0.25;0.5;0.75;2;cat3
a704;0.5;0;1;0.75;1;cat2
a705;0.5;0.75;1;0.5;2;cat3
a706;0;1;1;0.25;3;cat4
a707;0;0.5;0;0.25;1;cat2
a708;0;0.5;0.75;0.75;3;cat4
a709;0;1;1;0.5;3;cat4
a710;0;0.75;0.5;1;2;cat3
a711;0.5;0.5;1;0.25;3;cat4
a712;0;0;0.75;0;0;cat1
a713;0.5;0;0;0;0;cat1
a714;0.25;0.5;0.75;0.5;2;cat3
a715;0.25;0.5;0.75;0.5;1;cat2
a716;0.75;0.5;0.5;1;2;cat3
a717;1;0.5;0.75;0.25;2;cat3
a718;0;1;1;1;4;cat5
a719;0.75;0.75;1;0.25;3;cat4
a720;0.5;1;0;0.75;3;cat4
a721;0.5;0.5;0.75;0.5;2;cat3
a722;0;0.75;0.75;0;1;cat2
a723;0.25;0.5;0.5;0.75;2;cat3
a724;0.5;0.5;0;1;2;cat3
a725;0.25;0.25;1;0.5;1;cat2
a726;0;0.5;0.25;0.5;1;cat2
a727;1;0.5;0.75;0;2;cat3
a728;0;0.5;0.75;0.75;1;cat2
a729;0;1;0.5;0.75;2;cat3
a730;0.5;0.25;0;0.5;1;cat2
a731;1;0.25;0.75;0.25;3;cat4
a732;0.25;1;0;1;2;cat3
a733;0;0.75;0.75;0;2;cat3
a734;0.25;0.5;0.5;0.25;1;cat2
a735;0.5;1;0.75;0.5;3;cat4
a736;0.5;0.25;0;0.5;2;cat3
a737;0.75;0.25;0.5;0.5;2;cat3
a738;0.75;1;0.75;0;3;cat4
a739;0.25;0.5;0;1;2;cat3
a740;0.75;0.5;0.5;0.5;2;cat3
a741;0.5;0.25;0.5;0;2;cat3
a742;0;0.5;0;0;2;cat3
a743;0;0.75;1;1;3;cat4
a744;0;1;0.25;0.75;1;cat2
a745;0.5;0;0.5;0.5;2;cat3
a746;0.25;0.5;1;0.5;2;cat3
a747;0.25;0.5;0.5;0.25;1;cat2
a748;0.5;0.5;1;0.25;2;cat3
a749;0.5;0.5;0.25;1;2;cat3
a750;0;0.25;0.5;0.75;2;cat3
a751;1;0;1;0.25;2;cat3
a752;0.5;0;0.75;1;1;cat2
a753;1;0.25;0.25;1;1;cat2
a754;1;0.25;0;0.5;1;cat2
a755;0.25;0.5;0.75;0;1;cat2
a756;0.25;0.5;0.5;0.75;2;cat3
a757;0.25;0.25;1;0.25;1;cat2
a758;1;0.25;0.75;0.25;2;cat3
a759;0;1;0.5;0.75;2;cat3
a760;0;0.5;0;0;1;cat2
a761;0;0.75;1;0;2;cat3
a762;0.5;0.75;0.5;1;3;cat4
a763;0;0;0.75;0;0;cat1
a764;0.5;1;1;1;4;cat5
a765;0;0.25;0.5;0.5;0;cat1
a766;0.25;0;0.5;0.5;0;cat1
a767;0.5;0.25;0.5;0;2;cat3
a768;0.25;1;0;1;2;cat3
a769;0.5;0.5;0;1;2;cat3
a770;0;0;0.75;0;1;cat2
a771;0;0.25;1;0.75;1;cat2
a772;1;0;1;0.25;1;cat2
a773;0.25;0;0.25;0.75;0;cat1
a774;0.25;0.5;0.75;0.5;2;cat3
a775;0;0.5;0.25;0.5;1;cat2
a776;0.5;0;0.75;1;1;cat2
a777;0;0.75;0.5;1;2;cat3
a778;0.75;1;1;0;3;cat4
a779;0.75;0;0.5;1;2;cat3
a780;0.25;0;0.25;0.25;0;cat1
a781;0.25;0.5;0;1;2;cat3
a782;0.5;0.5;0.75;0.75;2;cat3
a783;0.25;0;0.5;0;0;cat1
a784;0.5;0.5;0;0;2;cat3
a785;0.5;1;0;0.75;3;cat4
a786;1;0;1;0.25;3;cat4
a787;1;0.75;0.5;0;2;cat3
a788;0;1;1;0.25;3;cat4
a789;0;0.5;0.25;0.75;1;cat2
a790;0.75;1;0.75;0;3;cat4
a791;0.75;1;1;0;4;cat5
a792;0.25;0;0.5;0;1;cat2
a793;0.25;0.75;0;0.25;1;cat2
a794;0.5;0;0;0;0;cat1
a795;0.5;1;0.75;0.5;4;cat5
a796;0.75;1;0.25;0.5;3;cat4
a797;1;0.25;0.25;1;2;cat3
a798;0.5;0.75;1;0.5;3;cat4
a799;0.5;0.75;0.5;1;2;cat3
a800;0.5;0.5;0;0;2;cat3
a801;0.75;0.75;0;0.5;2;cat3
a802;0.75;1;0.75;0;4;cat5
a803;0.75;0.5;0.5;0.5;2;cat3
a804;0.5;1;0.25;0;3;cat4
a805;0;0;0.75;0;0;cat1
a806;0.25;0.5;1;0.5;2;cat3
a807;0;1;0.5;0.75;3;cat4
a808;0.75;0.25;0.5;0;1;cat2
a809;0.25;0.5;0;1;2;cat3
a810;0.5;0.5;0.75;0.75;3;cat4
a811;0.5;1;0;0.75;2;cat3
a812;0.75;0.5;0.5;1;2;cat3
a813;0.5;0.25;0.25;0.5;1;cat2
a814;0.5;0.5;0;0;1;cat2
a815;0;0.25;1;0.75;1;cat2
a816;0.75;0.5;0.5;1;2;cat3
a817;0.5;1;0.5;0.25;2;cat3
a818;0;0.25;0.5;0.5;1;cat2
a819;1;0.25;0.75;0.25;2;cat3
a820;0.5;0;0.75;1;2;cat3
a821;0.25;1;0;1;2;cat3
a822;0.5;0;0;0;1;cat2
a823;1;0.75;0.5;0;1;cat2
a824;0.5;0.75;0.5;0.75;2;cat3
a825;1;0.25;0.75;0.25;1;cat2
a826;0.25;0;0.25;0.25;0;cat1
a827;0.25;0;0.25;0.25;1;cat2
a828;0.5;0.5;0.75;0.75;2;cat3
a829;0;0.5;0;0;1;cat2
a830;0.25;0.25;1;0.5;2;cat3
a831;0.75;0.75;1;0.25;3;cat4
a832;0;0.5;0.25;0.5;1;cat2
a833;0.25;0.5;0.5;0.25;2;cat3
a834;0.5;1;0.5;0.25;3;cat4
a835;0.25;0;0.75;0.25;0;cat1
a836;0;0;0.75;0;0;cat1
a837;0.75;0.5;0.5;0.5;2;cat3
a838;0.75;0.25;0.25;0;1;cat2
a839;0.25;0;0.25;0.75;0;cat1
a840;0.75;1;0.5;0.5;3;cat4
a841;0.5;0.5;0.75;0.5;2;cat3
a842;1;0.5;1;0.75;3;cat4
a843;0;1;1;0.5;2;cat3
a844;0.5;0.5;0.5;0.75;2;cat3
a845;1;0.25;0.75;0.25;2;cat3
a846;0.75;0.75;0.75;0.25;3;cat4
a847;0.5;0.5;1;0.25;2;cat3
a848;0.75;0.75;0;0.5;3;cat4
a849;0.5;1;0.25;0;2;cat3
a850;0.25;0.25;1;0.25;1;cat2
a851;0.5;0;0.5;0.5;1;cat2
a852;0.25;0.5;0;1;1;cat2
a853;0;0.5;0.75;0.75;2;cat3
a854;0.25;0;0.75;0.25;0;cat1
a855;1;0;0;1;2;cat3
a856;1;0;0;0.5;1;cat2
a857;1;0.25;0.75;0.25;2;cat3
a858;0.25;0;0.25;0.75;1;cat2
a859;0.5;1;0.25;0;2;cat3
a860;0.25;0.25;1;0.25;1;cat2
a861;0.75;0.25;0.5;0.5;1;cat2
a862;1;0.25;0.75;0.25;2;cat3
a863;0.5;1;0.5;0.25;2;cat3
a864;0.25;1;0.5;0.25;2;cat3
a865;0;0.5;0;0.25;1;cat2
a866;0.25;0.5;0.75;0;1;cat2
a867;0;0.25;0.5;0.5;1;cat2
a868;0.5;0.5;0;1;2;cat3
a869;0;0.5;0.25;0.75;2;cat3
a870;0;0;0.75;0;0;cat1
a871;0;1;1;0.25;2;cat3
a872;0;1;1;0.5;3;cat4
a873;0;0.5;0;0;1;cat2
a874;0;0.5;0.25;0.5;2;cat3
a875;0;0.25;0.25;0;0;cat1
a876;0.5;0.5;0;1;2;cat3
a877;0.75;0.25;0.25;0;2;cat3
a878;0;0.25;0.5;0.5;1;cat2
a879;0.25;1;0.5;0.25;2;cat3
a880;0.5;1;0;0.5;3;cat4
a881;0;0.25;0.25;0;0;cat1
a882;0.75;0.75;1;0.25;3;cat4
a883;0.75;0.75;1;0.25;3;cat4
a884;1;0.25;0.75;0.25;2;cat3
a885;0;0.5;0;0;1;cat2
a886;0.25;1;0.5;0.25;2;cat3
a887;0.25;0;0.25;0.25;0;cat1
a888;0;0.25;1;0.75;2;cat3
a889;0.5;0;0.75;1;1;cat2
a890;0;0.75;1;0;3;cat4
a891;0.75;1;0.25;0.5;2;cat3
a892;0.75;0.25;0.5;0;1;cat2
a893;0;0;0.25;1;1;cat2
a894;0.5;0.5;0;1;2;cat3
a895;0.25;0.75;0;0.25;1;cat2
a896;0.5;0.5;0;0;1;cat2
a897;0.25;0.5;0.5;0.25;1;cat2
a898;0;0;1;0;0;cat1
a899;0.75;0.5;0.5;0.5;2;cat3
a900;0.25;0;0.75;0.25;1;cat2
a901;0.25;0.25;1;0.25;1;cat2
a902;0.5;0.5;0.75;0.75;3;cat4
a903;0.5;0;0.75;1;2;cat3
a904;0.75;0.5;0.5;1;2;cat3
a905;0.75;0.25;0.5;0;1;cat2
a906;0.5;0.5;0;1;1;cat2
a907;0.25;1;0;1;3;cat4
a908;1;0;0;1;1;cat2
a909;0.75;1;0.25;0.5;3;cat4
a910;0.75;0.75;1;0.25;2;cat3
a911;0.25;0;0.75;0.25;0;cat1
a912;0.5;0;1;0.75;1;cat2
a913;0;0.5;0.25;0.5;2;cat3
a914;1;0;0;0.5;0;cat1
a915;0.75;1;1;0;3;cat4
a916;0.25;0;0.75;0.25;1;cat2
a917;0;0.5;0.75;0.75;2;cat3
a918;0.25;0;0.5;0.5;1;cat2
a919;0.75;0.75;0;0.5;3;cat4
a920;0.25;0;0.5;0.5;1;cat2
a921;0.75;1;1;0;3;cat4
a922;0;0.25;0.5;0.5;1;cat2
a923;0.5;0.25;0.5;0.75;1;cat2
a924;0;0;0.25;1;2;cat3
a925;0.75;0.5;0.5;1;3;cat4
a926;0.25;0;1;1;4;cat5
a927;0.5;0.75;0.5;1;2;cat3
a928;0.5;0.75;1;0.5;2;cat3
a929;0.5;1;1;1;4;cat5
a930;0.25;0.25;0.25;0.5;1;cat2
a931;1;0;0;0.5;1;cat2
a932;0;0.25;1;0.75;1;cat2
a933;0.25;0;0.25;0.75;2;cat3
a934;0;1;0.5;0.75;2;cat3
a935;0.25;0.5;0.5;0.25;1;cat2
a936;0.5;0;1;0.75;0;cat1
a937;0.5;1;1;1;3;cat4
a938;1;0;0.75;0;2;cat3
a939;0;1;1;1;2;cat3
a940;1;0;1;0.25;2;cat3
a941;0;1;1;0.5;2;cat3
a942;1;0;1;0.75;1;cat2
a943;0.25;1;0.5;0.25;3;cat4
a944;0.5;0;0.5;0.5;1;cat2
a945;1;0;1;0.25;0;cat1
a946;0;0.25;0.5;0.75;1;cat2
a947;0.25;0.5;0.5;0.25;2;cat3
a948;1;0;1;0.25;2;cat3
a949;1;0.75;1;0.75;4;cat5
a950;0.25;0.5;0.5;0.25;2;cat3
a951;0.25;0.75;0;0.25;1;cat2
a952;0.5;0.5;1;0.25;2;cat3
a953;0;1;0.25;0.75;2;cat3
a954;1;0.75;1;0.75;3;cat4
a955;0.25;0;0.25;0.25;1;cat2
a956;0.75;0.5;0.5;1;3;cat4
a957;1;0.25;0.75;0.25;2;cat3
a958;0.25;0.25;1;0.25;3;cat4
a959;1;0;0;0.5;3;cat4
a960;0;0.25;0.5;0.5;0;cat1
a961;0;0.5;0.25;0.75;2;cat3
a962;0.5;0.75;0.5;0.75;4;cat5
a963;0.5;0.75;0.5;0.75;3;cat4
a964;0.5;0.5;0.5;0.75;2;cat3
a965;0.25;0;0.5;0;0;cat1
a966;0.25;0;1;1;2;cat3
a967;0.75;1;0.5;0.5;3;cat4
a968;0.5;0.75;0.5;0.75;2;cat3
a969;0;1;0.5;0.75;3;cat4
a970;0.25;0.25;1;0.5;1;cat2
a971;0.5;1;0.75;0.5;3;cat4
a972;1;0.25;0;0.5;2;cat3
a973;1;0.5;0.75;0;3;cat4
a974;1;0;1;0.25;2;cat3
a975;0;0.25;0.5;0.5;2;cat3
a976;1;0.25;0.75;0.25;2;cat3
a977;0;0.75;1;1;3;cat4
a978;0.5;0.75;0.5;1;2;cat3
a979;1;0.5;1;0.75;3;cat4
a980;0.75;0.25;0.25;0;1;cat2
a981;0;0.25;0.5;0.75;0;cat1
a982;0;0.5;0;0.25;1;cat2
a983;0.5;0.25;0.5;0.75;1;cat2
a984;0;1;1;1;3;cat4
a985;0.5;0.25;0.5;0;1;cat2
a986;0.5;0.25;0.5;0.75;2;cat3
a987;1;0.5;1;0.75;3;cat4
a988;0.25;0;1;1;1;cat2
a989;0;0;0.75;0;1;cat2
a990;0;0.75;0.75;0;2;cat3
a991;0.25;0.75;0;0.25;2;cat3
a992;0.5;0.25;0.25;0.5;1;cat2
a993;0.5;0.5;0;1;2;cat3
a994;0.25;0.5;1;0.5;2;cat3
a995;0.5;0;1;0.75;0;cat1
a996;0.5;0.5;0.25;1;2;cat3
a997;0.25;0.5;0.5;0.75;2;cat3
a998;0;0;0.25;1;0;cat1
a999;0;0.5;0.25;0.75;1;cat2
a1000;0.5;0;0.75;1;1;cat2
