criterion;direction;;;;;;;;;;
c1;1;;;;;;;;;;
c2;1;;;;;;;;;;
c3;1;;;;;;;;;;
c4;1;;;;;;;;;;
c5;1;;;;;;;;;;
c6;1;;;;;;;;;;
c7;1;;;;;;;;;;
c8;1;;;;;;;;;;
c9;1;;;;;;;;;;
c10;1;;;;;;;;;;
;;;;;;;;;;;
category;rank;;;;;;;;;;
cat2;1;;;;;;;;;;
cat3;2;;;;;;;;;;
cat4;3;;;;;;;;;;
cat5;4;;;;;;;;;;
;;;;;;;;;;;
pt;c1;c2;c3;c4;c5;c6;c7;c8;c9;c10;assignment
a1;2;1;1;2;1;1;2;2;1;1;cat2
a2;1;2;3;3;2;1;3;1;3;3;cat5
a3;3;3;2;1;2;2;3;3;3;3;cat5
a4;2;3;4;2;4;2;2;2;1;2;cat5
a5;1;2;1;2;2;2;2;1;1;2;cat3
a6;2;2;3;2;4;2;2;2;2;1;cat4
a7;2;2;2;2;2;1;2;2;2;1;cat4
a8;1;3;3;1;4;2;1;1;2;3;cat4
a9;2;2;1;1;3;1;1;3;1;1;cat3
a10;3;3;3;2;1;1;2;2;3;2;cat4
a11;3;2;2;2;4;1;3;1;2;3;cat3
a12;2;1;2;2;3;1;2;2;3;1;cat4
a13;2;1;1;3;3;1;2;2;2;2;cat3
a14;2;3;3;2;2;2;1;3;2;3;cat4
a15;3;3;3;2;1;1;2;2;3;2;cat4
a16;3;2;2;1;2;2;2;2;1;3;cat4
a17;2;1;2;2;3;1;2;2;3;1;cat3
a18;2;1;3;3;4;2;2;2;3;2;cat4
a19;2;3;2;1;2;2;2;2;2;3;cat5
a20;2;3;4;3;2;2;2;3;3;2;cat5
a21;2;1;1;2;1;1;2;2;1;1;cat3
a22;3;2;3;2;2;1;2;3;3;3;cat5
a23;2;3;3;1;1;2;3;2;1;1;cat4
a24;3;3;4;3;2;1;3;2;3;2;cat4
a25;3;2;2;1;1;2;3;1;1;3;cat4
a26;3;3;3;2;4;2;2;2;3;1;cat5
a27;1;2;2;3;3;2;2;1;1;2;cat4
a28;2;2;2;2;2;1;2;2;2;1;cat3
a29;2;2;2;1;3;2;2;2;3;3;cat5
a30;3;3;2;2;2;1;2;2;2;1;cat3
a31;2;3;2;2;2;1;3;3;1;2;cat4
a32;2;3;4;2;2;1;3;2;3;2;cat4
a33;2;3;2;1;2;2;2;2;2;3;cat5
a34;1;3;3;1;4;2;1;1;2;3;cat3
a35;2;3;4;2;4;2;2;2;1;2;cat3
a36;1;3;3;1;4;2;1;1;2;3;cat4
a37;2;2;3;2;4;2;2;2;2;1;cat3
a38;1;3;1;3;2;1;1;1;3;2;cat5
a39;1;2;1;1;4;1;1;1;2;1;cat3
a40;1;3;1;3;2;2;1;2;1;3;cat2
a41;2;3;3;2;3;1;3;2;2;3;cat5
a42;2;2;1;1;1;1;2;2;1;3;cat3
a43;2;2;2;1;3;2;2;2;3;3;cat5
a44;2;2;1;1;1;2;2;3;1;1;cat4
a45;3;1;1;3;2;2;3;3;1;2;cat3
a46;2;2;1;3;3;1;3;2;1;2;cat4
a47;2;3;2;1;2;1;2;1;2;3;cat3
a48;2;2;3;2;4;2;2;2;2;1;cat5
a49;2;3;1;3;4;1;2;1;2;3;cat4
a50;1;1;2;2;1;2;1;2;2;2;cat3
a51;1;1;1;2;1;1;3;3;1;1;cat3
a52;3;2;1;3;3;1;1;3;3;2;cat3
a53;2;3;3;2;3;1;3;2;2;3;cat4
a54;2;3;3;2;3;1;3;2;2;3;cat5
a55;2;1;3;3;2;2;3;2;2;3;cat5
a56;1;3;1;2;3;1;2;2;2;2;cat4
a57;2;1;3;3;2;2;3;2;2;3;cat4
a58;3;1;1;3;2;2;3;3;1;2;cat3
a59;2;3;2;2;2;1;3;3;1;2;cat4
a60;2;3;4;3;2;2;2;3;3;2;cat5
a61;1;2;1;1;4;1;1;1;2;1;cat4
a62;2;3;2;2;2;1;3;2;2;1;cat3
a63;3;3;1;1;4;1;2;3;3;3;cat4
a64;2;3;4;2;4;2;2;2;1;2;cat5
a65;2;2;2;2;2;1;2;3;1;3;cat4
a66;3;3;2;3;2;1;2;2;2;2;cat4
a67;3;3;3;2;1;1;2;2;3;2;cat4
a68;2;2;1;3;2;2;1;3;1;1;cat4
a69;3;3;4;3;2;1;3;2;3;2;cat4
a70;1;2;1;1;1;1;1;1;1;1;cat3
a71;2;2;2;1;1;1;1;3;2;3;cat3
a72;2;2;2;1;1;1;1;3;2;3;cat3
a73;2;1;1;2;2;1;2;1;1;3;cat3
a74;3;2;3;2;2;1;2;3;3;3;cat4
a75;1;2;2;1;1;2;1;2;1;2;cat3
a76;2;1;1;3;3;1;2;2;2;2;cat3
a77;2;3;4;2;2;1;3;2;3;2;cat4
a78;2;1;1;1;1;1;1;2;2;2;cat3
a79;2;3;2;3;3;2;1;1;2;1;cat3
a80;1;2;1;1;4;1;1;1;2;1;cat3
a81;3;3;3;2;1;1;2;2;3;2;cat4
a82;2;2;4;2;2;2;2;2;3;3;cat5
a83;2;1;3;3;4;2;2;2;3;2;cat4
a84;2;3;3;2;2;2;1;3;2;3;cat5
a85;1;2;2;3;1;1;1;2;2;2;cat4
a86;2;1;1;3;3;1;2;2;2;2;cat3
a87;1;3;3;2;2;1;2;3;2;1;cat4
a88;1;3;2;1;2;2;1;1;2;1;cat2
a89;2;3;4;1;3;2;2;1;2;2;cat3
a90;2;3;3;2;2;2;3;2;3;3;cat5
a91;1;3;2;1;2;2;1;1;2;1;cat3
a92;2;2;1;3;2;2;1;3;1;1;cat3
a93;1;2;1;2;1;1;1;3;1;1;cat3
a94;1;1;2;2;1;2;1;2;2;2;cat3
a95;2;1;3;3;4;2;2;2;3;2;cat3
a96;2;3;2;3;3;2;1;1;2;1;cat3
a97;2;3;3;1;1;2;1;3;2;2;cat4
a98;2;2;4;3;2;2;2;1;3;1;cat4
a99;2;3;2;2;2;1;3;3;1;2;cat3
a100;2;2;3;2;4;2;2;2;2;1;cat5
a101;2;1;2;3;2;2;2;3;3;2;cat5
a102;1;2;4;1;3;1;1;3;2;2;cat4
a103;1;3;4;1;4;2;1;3;1;1;cat4
a104;3;3;3;1;4;2;2;2;2;3;cat5
a105;1;2;1;2;2;2;2;1;1;2;cat2
a106;2;3;2;2;2;1;3;2;2;1;cat4
a107;1;2;1;2;1;1;1;3;1;1;cat3
a108;3;3;2;3;2;1;2;2;2;2;cat4
a109;2;3;2;2;2;1;3;2;2;1;cat3
a110;2;3;4;2;2;1;3;2;3;2;cat4
a111;1;2;4;1;3;1;1;3;2;2;cat4
a112;2;1;2;2;3;1;2;2;3;1;cat4
a113;2;2;2;3;2;2;2;3;1;2;cat4
a114;1;2;2;3;3;2;2;1;1;2;cat5
a115;3;3;2;3;2;1;2;2;2;2;cat4
a116;2;2;2;1;3;2;2;2;3;3;cat5
a117;2;2;1;2;3;1;1;2;3;2;cat3
a118;1;3;1;3;2;1;1;1;3;2;cat4
a119;3;2;4;1;2;1;3;2;2;2;cat5
a120;1;3;1;3;1;1;1;3;2;2;cat3
a121;2;2;4;3;2;2;2;1;3;1;cat4
a122;3;3;3;3;3;1;1;2;3;3;cat4
a123;2;1;1;3;2;1;2;1;1;3;cat4
a124;2;2;2;2;2;1;2;3;1;3;cat3
a125;1;1;1;2;1;1;3;3;1;1;cat3
a126;1;1;2;3;3;2;2;3;1;3;cat5
a127;2;1;1;1;2;1;1;1;1;3;cat3
a128;3;3;3;2;4;2;2;2;3;1;cat5
a129;3;2;3;3;1;2;3;1;2;2;cat3
a130;1;1;2;1;1;1;2;2;1;2;cat4
a131;2;2;1;1;3;1;1;3;1;1;cat3
a132;2;2;3;1;1;2;2;2;1;3;cat4
a133;3;2;3;1;1;1;1;2;3;1;cat3
a134;3;3;4;3;3;2;2;2;3;3;cat5
a135;1;3;2;2;1;1;1;2;3;2;cat4
a136;2;3;3;1;1;2;1;3;2;2;cat4
a137;2;1;2;1;4;1;2;1;2;3;cat5
a138;2;3;3;2;3;1;3;2;2;3;cat4
a139;1;3;1;3;1;1;1;3;2;2;cat3
a140;1;3;1;3;2;1;1;1;3;2;cat3
a141;2;2;4;3;3;2;3;2;3;3;cat5
a142;2;3;2;2;2;1;3;3;1;2;cat3
a143;3;1;1;3;2;2;3;3;1;2;cat3
a144;3;3;3;3;3;1;1;2;3;3;cat5
a145;1;2;1;1;4;1;1;1;2;1;cat3
a146;3;3;2;1;2;2;3;3;3;3;cat5
a147;2;3;3;1;1;2;1;3;2;2;cat4
a148;2;1;1;3;1;1;3;3;3;1;cat3
a149;3;2;1;3;3;1;1;3;3;2;cat4
a150;2;2;1;1;3;1;1;3;1;1;cat4
a151;2;3;2;2;2;1;3;3;1;2;cat4
a152;2;3;3;1;1;2;1;3;2;2;cat4
a153;3;2;2;1;2;2;2;2;1;3;cat5
a154;2;2;1;2;3;1;2;2;2;1;cat3
a155;1;1;1;3;1;2;1;1;2;3;cat2
a156;2;2;2;3;2;2;2;3;1;2;cat4
a157;3;1;1;1;3;1;2;1;2;3;cat4
a158;2;3;2;2;2;1;3;2;2;1;cat4
a159;3;3;4;3;2;1;3;2;3;2;cat5
a160;3;1;1;3;2;2;3;3;1;2;cat4
a161;3;2;4;1;2;1;3;2;2;2;cat4
a162;2;1;1;1;2;1;1;1;2;1;cat2
a163;1;2;2;3;3;2;2;1;1;2;cat4
a164;1;3;3;2;4;1;1;3;3;3;cat5
a165;3;3;1;1;4;1;2;3;3;3;cat4
a166;2;3;3;2;3;1;3;2;2;3;cat4
a167;1;2;2;3;3;2;2;1;1;2;cat4
a168;2;2;2;1;3;2;2;2;3;3;cat4
a169;3;1;1;1;3;1;2;1;2;3;cat2
a170;3;3;3;2;4;2;2;2;3;1;cat5
a171;1;3;1;3;2;2;1;2;1;3;cat3
a172;2;3;4;2;2;1;3;2;3;2;cat5
a173;3;3;4;1;4;2;3;3;3;2;cat4
a174;3;1;1;3;2;2;3;3;1;2;cat3
a175;1;1;1;2;1;1;3;3;1;1;cat3
a176;2;2;3;1;1;2;2;2;1;3;cat3
a177;3;2;3;1;1;1;1;2;3;1;cat3
a178;2;1;2;3;2;2;2;3;3;2;cat4
a179;2;1;2;2;3;1;2;2;3;1;cat3
a180;1;3;4;1;3;2;3;1;1;3;cat4
a181;2;2;1;3;2;2;1;3;1;1;cat3
a182;1;3;1;3;1;1;1;3;2;2;cat3
a183;2;1;3;3;4;2;2;2;3;2;cat4
a184;2;3;4;3;2;2;2;3;3;2;cat4
a185;3;1;2;1;3;2;2;3;2;2;cat4
a186;1;2;4;1;3;1;1;3;2;2;cat4
a187;2;1;1;2;2;1;2;1;1;3;cat3
a188;2;1;3;3;4;2;2;2;3;2;cat4
a189;1;3;1;2;3;1;2;2;2;2;cat3
a190;3;3;2;1;2;2;3;3;3;3;cat3
a191;2;3;3;1;1;2;1;3;2;2;cat4
a192;1;3;4;1;3;2;3;1;1;3;cat4
a193;1;2;1;1;1;1;1;1;1;1;cat2
a194;1;3;2;1;2;2;1;1;2;1;cat3
a195;3;3;3;2;4;2;2;2;3;1;cat4
a196;1;1;2;3;3;2;2;3;1;3;cat4
a197;1;3;2;2;1;1;1;2;3;2;cat3
a198;1;3;1;1;1;1;1;2;3;3;cat2
a199;2;3;3;2;3;1;3;2;2;3;cat4
a200;3;2;2;3;2;1;1;2;3;3;cat4
a201;3;3;4;1;4;2;3;3;3;2;cat4
a202;2;3;4;2;2;1;3;2;3;2;cat4
a203;3;1;1;3;3;2;2;2;3;3;cat5
a204;2;2;3;2;2;2;2;2;2;3;cat4
a205;1;2;2;3;3;2;2;1;1;2;cat3
a206;2;2;3;2;2;2;2;2;2;3;cat5
a207;3;2;2;3;1;1;3;1;3;3;cat4
a208;1;2;2;2;2;1;3;1;2;1;cat4
a209;1;3;3;1;4;2;1;1;2;3;cat3
a210;3;3;4;3;4;2;3;3;3;3;cat4
a211;2;1;3;3;2;2;3;2;2;3;cat5
a212;3;2;2;1;1;2;3;1;1;3;cat2
a213;2;3;1;3;4;1;2;1;2;3;cat3
a214;3;1;1;1;3;1;2;1;2;3;cat4
a215;2;2;4;3;3;2;3;2;3;3;cat5
a216;3;1;1;1;3;1;2;1;2;3;cat3
a217;2;3;2;1;2;2;2;2;2;3;cat4
a218;1;1;2;1;1;1;2;2;1;2;cat3
a219;2;3;3;1;1;2;1;3;2;2;cat3
a220;2;3;2;1;2;2;2;2;2;3;cat5
a221;2;1;3;2;3;1;2;1;3;2;cat3
a222;1;3;2;2;1;1;1;2;3;2;cat3
a223;2;2;3;2;4;2;2;2;2;1;cat4
a224;3;2;3;1;1;1;1;2;3;1;cat4
a225;1;2;2;3;3;2;2;1;1;2;cat5
a226;3;2;1;2;3;2;1;3;1;1;cat4
a227;1;2;1;3;1;1;1;1;3;2;cat3
a228;2;2;3;2;4;2;2;2;2;1;cat4
a229;1;3;4;1;3;2;3;1;1;3;cat4
a230;1;3;1;3;2;1;1;1;3;2;cat3
a231;1;1;1;3;1;2;1;1;2;3;cat3
a232;2;2;3;2;4;2;2;2;2;1;cat4
a233;3;2;4;1;2;1;3;2;2;2;cat5
a234;3;3;2;2;2;1;2;2;2;1;cat4
a235;2;2;1;3;3;1;3;2;1;2;cat3
a236;1;2;2;3;3;2;2;1;1;2;cat3
a237;2;1;1;1;2;1;1;1;2;1;cat3
a238;2;1;3;3;4;2;2;2;3;2;cat5
a239;1;2;1;1;4;1;1;1;2;1;cat3
a240;1;3;4;3;3;2;2;3;1;3;cat4
a241;2;3;2;1;2;1;2;1;2;3;cat4
a242;3;2;2;1;2;2;2;2;1;3;cat3
a243;1;3;1;3;2;1;1;1;3;2;cat3
a244;2;1;1;2;1;1;2;2;1;1;cat3
a245;1;2;2;2;2;1;3;1;2;1;cat3
a246;1;2;2;1;1;2;1;2;1;2;cat3
a247;3;3;3;3;3;1;1;2;3;3;cat4
a248;1;1;2;1;1;1;2;2;1;2;cat3
a249;3;3;4;3;3;2;2;2;3;3;cat5
a250;2;3;2;3;3;2;1;1;2;1;cat3
a251;1;2;4;3;1;1;3;2;2;3;cat4
a252;2;3;4;2;2;1;3;2;3;2;cat4
a253;3;3;4;3;3;2;2;2;3;3;cat5
a254;2;3;4;2;4;2;2;2;1;2;cat5
a255;2;3;3;2;3;1;3;2;2;3;cat5
a256;2;1;2;1;4;1;2;1;2;3;cat5
a257;3;3;2;3;4;1;2;2;3;3;cat5
a258;2;1;3;3;2;2;3;2;2;3;cat4
a259;3;2;3;2;2;1;2;3;3;3;cat5
a260;1;1;2;1;1;1;2;2;1;2;cat3
a261;2;1;1;3;1;1;3;3;3;1;cat3
a262;1;3;2;1;2;2;1;1;2;1;cat4
a263;3;2;2;2;4;1;3;1;2;3;cat4
a264;1;3;4;3;3;2;2;3;1;3;cat5
a265;1;3;1;1;1;1;1;2;3;3;cat3
a266;2;1;1;2;2;1;2;1;1;3;cat3
a267;1;3;3;1;4;2;1;1;2;3;cat5
a268;3;3;4;1;4;2;3;3;3;2;cat5
a269;3;2;2;1;2;2;2;2;1;3;cat5
a270;3;2;1;2;3;2;1;3;1;1;cat4
a271;2;1;1;3;2;1;2;1;1;3;cat3
a272;2;2;2;2;2;1;2;2;2;1;cat3
a273;3;3;2;3;2;1;2;2;2;2;cat4
a274;2;3;3;1;1;2;1;3;2;2;cat3
a275;1;2;2;1;1;2;1;2;1;2;cat3
a276;2;1;1;3;3;1;2;2;2;2;cat3
a277;1;3;1;1;1;1;1;2;3;3;cat4
a278;1;2;1;3;1;1;1;1;3;2;cat3
a279;3;2;2;3;2;1;1;2;3;3;cat4
a280;3;2;4;1;2;1;3;2;2;2;cat5
a281;3;2;1;1;2;1;2;2;1;3;cat3
a282;3;1;2;1;3;2;2;3;2;2;cat4
a283;1;1;1;3;1;2;1;1;2;3;cat3
a284;3;3;2;3;2;1;2;2;2;2;cat3
a285;1;2;1;2;2;2;2;1;1;2;cat3
a286;2;2;1;2;3;1;2;2;2;1;cat4
a287;1;3;3;2;2;2;2;1;3;1;cat5
a288;3;2;3;3;1;2;3;1;2;2;cat4
a289;2;3;4;2;4;2;2;2;1;2;cat4
a290;1;2;2;1;1;2;1;2;1;2;cat3
a291;2;3;4;2;2;1;3;2;3;2;cat4
a292;2;1;3;2;3;1;2;1;3;2;cat4
a293;3;3;3;3;3;1;1;2;3;3;cat5
a294;3;3;2;2;2;1;2;2;2;1;cat4
a295;2;1;1;3;1;1;3;3;3;1;cat3
a296;1;2;2;3;3;2;2;1;1;2;cat3
a297;2;3;4;2;4;2;2;2;1;2;cat4
a298;3;3;3;2;1;1;2;2;3;2;cat4
a299;2;1;1;1;1;1;1;2;2;2;cat3
a300;3;2;3;1;1;1;1;2;3;1;cat4
a301;1;1;2;2;1;2;1;2;2;2;cat4
a302;3;2;1;3;3;1;1;3;3;2;cat3
a303;1;2;4;3;1;1;3;2;2;3;cat5
a304;2;3;3;1;1;2;3;2;1;1;cat3
a305;3;2;4;1;2;1;3;2;2;2;cat3
a306;2;2;3;1;1;2;2;2;1;3;cat4
a307;1;3;2;2;1;1;1;2;3;2;cat4
a308;1;2;2;1;1;2;1;2;1;2;cat4
a309;2;3;4;1;3;2;2;1;2;2;cat4
a310;1;3;3;2;4;1;1;3;3;3;cat4
a311;3;3;4;3;2;1;3;2;3;2;cat4
a312;2;2;1;2;3;1;1;2;3;2;cat3
a313;3;1;2;1;3;2;2;3;2;2;cat4
a314;2;3;2;1;2;1;2;1;2;3;cat4
a315;2;2;1;1;3;1;1;1;1;1;cat4
a316;1;2;3;3;2;1;3;1;3;3;cat5
a317;3;3;4;3;4;2;3;3;3;3;cat5
a318;1;1;2;2;1;2;1;2;2;2;cat3
a319;1;3;4;1;4;2;1;3;1;1;cat4
a320;2;2;2;1;3;2;2;2;3;3;cat5
a321;1;1;2;1;1;1;2;2;1;2;cat4
a322;1;2;1;3;1;1;1;1;3;2;cat3
a323;2;3;3;2;2;2;3;2;3;3;cat4
a324;3;2;2;1;1;2;3;1;1;3;cat2
a325;2;3;2;2;2;1;3;3;1;2;cat4
a326;2;2;4;2;2;2;2;2;3;3;cat5
a327;2;2;1;2;3;1;2;2;2;1;cat3
a328;3;3;3;2;4;2;2;2;3;1;cat4
a329;3;1;1;3;3;2;2;2;3;3;cat5
a330;3;3;2;3;4;1;2;2;3;3;cat5
a331;2;2;4;3;3;2;3;2;3;3;cat5
a332;3;3;3;2;1;1;2;2;3;2;cat3
a333;1;2;3;3;2;1;3;1;3;3;cat3
a334;2;3;3;1;1;2;3;2;1;1;cat3
a335;2;1;2;2;3;1;2;2;3;1;cat3
a336;1;3;3;2;4;1;1;3;3;3;cat4
a337;1;2;1;2;1;1;1;3;1;1;cat3
a338;2;1;2;3;2;2;2;3;3;2;cat4
a339;2;1;3;3;2;2;3;2;2;3;cat4
a340;3;3;2;3;4;1;2;2;3;3;cat5
a341;2;1;2;3;2;2;2;3;3;2;cat3
a342;3;2;2;3;2;1;1;2;3;3;cat5
a343;1;2;1;3;1;1;1;1;3;2;cat3
a344;2;2;4;2;2;2;2;2;3;3;cat5
a345;1;2;1;2;2;2;2;1;1;2;cat4
a346;2;2;2;2;2;1;2;3;1;3;cat4
a347;2;3;3;2;3;1;3;2;2;3;cat3
a348;1;3;3;1;4;2;1;1;2;3;cat3
a349;3;2;3;2;2;1;2;3;3;3;cat5
a350;3;2;3;1;1;1;1;2;3;1;cat4
a351;1;2;1;2;2;2;2;1;1;2;cat3
a352;3;3;4;3;4;1;3;2;3;3;cat5
a353;2;2;2;2;2;1;2;2;2;1;cat5
a354;2;3;2;1;2;2;2;2;2;3;cat4
a355;1;3;1;2;3;1;2;2;2;2;cat4
a356;2;2;1;2;3;1;2;2;2;1;cat4
a357;3;3;4;3;2;1;3;2;3;2;cat5
a358;2;2;4;3;3;2;3;2;3;3;cat5
a359;2;2;1;1;3;1;1;3;1;1;cat3
a360;2;1;2;2;3;1;2;2;3;1;cat5
a361;3;3;4;1;4;2;3;3;3;2;cat5
a362;3;2;2;3;2;1;1;2;3;3;cat4
a363;2;1;1;2;2;1;2;1;1;3;cat3
a364;3;2;1;2;3;2;1;3;1;1;cat3
a365;3;3;4;3;4;1;3;2;3;3;cat5
a366;1;3;4;1;3;2;3;1;1;3;cat5
a367;2;2;1;3;3;1;3;2;1;2;cat3
a368;3;3;3;2;1;1;3;3;1;1;cat4
a369;1;3;1;3;2;2;1;2;1;3;cat3
a370;3;1;1;3;3;2;2;2;3;3;cat3
a371;1;3;3;1;2;1;2;2;2;3;cat5
a372;1;3;4;1;3;2;3;1;1;3;cat4
a373;2;1;1;3;2;1;2;1;1;3;cat2
a374;1;1;1;2;1;1;3;3;1;1;cat3
a375;2;2;1;2;3;1;1;2;3;2;cat4
a376;2;3;3;1;1;2;3;2;1;1;cat4
a377;1;3;1;3;1;1;1;3;2;2;cat4
a378;2;3;3;1;1;2;1;3;2;2;cat4
a379;3;3;4;3;2;1;3;2;3;2;cat5
a380;2;1;1;2;1;1;2;2;1;1;cat3
a381;3;1;1;3;2;2;3;3;1;2;cat4
a382;3;3;2;2;2;1;2;2;2;1;cat4
a383;3;1;1;3;2;2;3;3;1;2;cat3
a384;1;2;4;3;1;1;3;2;2;3;cat5
a385;1;3;2;1;2;2;1;1;2;1;cat4
a386;3;3;2;3;4;2;2;3;2;3;cat5
a387;3;3;2;3;4;1;2;2;3;3;cat5
a388;2;3;4;1;3;2;2;1;2;2;cat5
a389;2;1;1;1;2;1;1;1;1;3;cat3
a390;2;2;2;1;4;2;1;3;1;2;cat4
a391;2;3;4;1;3;2;2;1;2;2;cat5
a392;3;1;1;1;3;1;2;1;2;3;cat3
a393;3;2;3;3;1;2;3;1;2;2;cat3
a394;2;1;2;1;4;1;2;1;2;3;cat4
a395;3;2;3;3;1;2;3;1;2;2;cat4
a396;2;2;3;2;2;2;2;2;2;3;cat3
a397;2;1;2;1;4;1;2;1;2;3;cat4
a398;1;1;2;2;1;2;1;2;2;2;cat3
a399;1;3;1;3;1;1;1;3;2;2;cat3
a400;3;2;1;1;2;1;2;2;1;3;cat3
a401;2;3;2;2;2;1;3;3;1;2;cat4
a402;1;3;3;2;2;2;2;1;3;1;cat4
a403;3;3;1;1;4;1;2;3;3;3;cat4
a404;3;2;4;1;2;1;3;2;2;2;cat4
a405;1;3;1;2;3;1;2;2;2;2;cat3
a406;3;2;2;3;1;1;3;1;3;3;cat5
a407;2;2;3;2;4;2;2;2;2;1;cat3
a408;1;2;3;3;2;1;3;1;3;3;cat4
a409;2;3;3;2;4;1;3;2;3;1;cat3
a410;2;2;4;3;3;2;3;2;3;3;cat5
a411;1;1;2;1;1;1;2;2;1;2;cat3
a412;2;1;1;3;1;1;3;3;3;1;cat3
a413;2;1;3;3;2;2;3;2;2;3;cat4
a414;2;2;2;1;3;2;2;2;3;3;cat4
a415;2;3;2;1;2;2;2;2;2;3;cat4
a416;3;3;4;1;4;2;3;3;3;2;cat5
a417;3;3;4;1;4;2;3;3;3;2;cat5
a418;3;2;1;3;3;1;1;3;3;2;cat4
a419;1;1;2;1;1;1;2;2;1;2;cat3
a420;1;2;1;2;2;2;2;1;1;2;cat4
a421;3;2;1;2;3;2;1;3;1;1;cat4
a422;2;2;1;3;2;2;1;3;1;1;cat4
a423;2;1;3;3;4;2;2;2;3;2;cat4
a424;1;3;4;1;3;2;3;1;1;3;cat4
a425;3;2;2;1;1;2;3;1;1;3;cat4
a426;2;3;2;2;2;1;3;2;2;1;cat4
a427;2;2;4;3;2;2;2;1;3;1;cat5
a428;2;1;3;2;3;1;2;1;3;2;cat4
a429;2;2;1;2;3;1;1;2;3;2;cat4
a430;3;3;2;3;2;1;2;2;2;2;cat3
a431;2;3;1;3;4;1;2;1;2;3;cat4
a432;1;3;2;1;2;2;1;1;2;1;cat3
a433;1;3;3;1;2;1;2;2;2;3;cat5
a434;3;2;2;3;1;1;3;1;3;3;cat3
a435;2;1;1;2;1;1;2;2;1;1;cat3
a436;1;2;1;3;1;1;1;1;3;2;cat3
a437;1;3;2;1;2;2;1;1;2;1;cat3
a438;3;3;3;1;4;2;2;2;2;3;cat4
a439;2;1;1;3;3;1;2;2;2;2;cat3
a440;2;3;4;2;2;1;3;2;3;2;cat3
a441;3;2;2;3;2;1;1;2;3;3;cat5
a442;3;3;1;1;4;1;2;3;3;3;cat5
a443;3;3;4;3;4;1;3;2;3;3;cat5
a444;2;2;2;2;2;1;2;3;1;3;cat5
a445;2;2;1;3;2;2;1;3;1;1;cat4
a446;2;2;1;1;1;2;2;3;1;1;cat3
a447;3;2;1;1;2;1;2;2;1;3;cat3
a448;1;3;1;3;1;1;1;3;2;2;cat3
a449;2;2;3;1;1;2;2;2;1;3;cat4
a450;3;3;3;2;4;2;2;2;3;1;cat5
a451;2;2;1;1;3;1;1;3;1;1;cat3
a452;3;2;4;1;2;1;3;2;2;2;cat4
a453;2;3;1;3;4;1;2;1;2;3;cat4
a454;2;2;1;3;3;1;3;2;1;2;cat3
a455;2;3;2;1;2;2;2;2;2;3;cat3
a456;1;2;4;1;3;1;1;3;2;2;cat4
a457;1;3;1;3;2;1;1;1;3;2;cat4
a458;3;3;3;2;1;1;3;3;1;1;cat3
a459;2;3;2;1;2;2;2;2;2;3;cat4
a460;2;1;1;3;3;1;2;2;2;2;cat3
a461;2;3;2;1;2;1;2;1;2;3;cat4
a462;3;2;3;3;1;2;3;1;2;2;cat4
a463;2;3;2;2;2;1;3;2;2;1;cat5
a464;1;1;2;3;3;2;2;3;1;3;cat4
a465;2;3;2;2;2;1;3;3;1;2;cat4
a466;2;1;1;3;3;1;2;2;2;2;cat3
a467;2;1;3;3;2;2;3;2;2;3;cat4
a468;2;2;3;2;2;2;2;2;2;3;cat5
a469;3;1;1;3;3;2;2;2;3;3;cat4
a470;2;1;1;2;2;1;2;1;1;3;cat3
a471;1;3;3;2;4;1;1;3;3;3;cat5
a472;2;2;1;1;3;1;1;3;1;1;cat3
a473;3;3;4;1;4;2;3;3;3;2;cat3
a474;3;2;1;1;2;1;2;2;1;3;cat3
a475;2;2;4;2;2;2;2;2;3;3;cat5
a476;3;1;1;2;3;2;2;1;3;1;cat3
a477;2;3;3;1;1;2;3;2;1;1;cat4
a478;2;2;3;2;2;2;2;2;2;3;cat3
a479;2;2;4;3;3;2;3;2;3;3;cat5
a480;2;3;1;3;4;1;2;1;2;3;cat5
a481;3;2;2;1;2;2;2;2;1;3;cat5
a482;2;3;1;3;4;1;2;1;2;3;cat4
a483;2;1;3;2;3;1;2;1;3;2;cat4
a484;2;2;1;1;1;1;2;2;1;3;cat3
a485;3;1;1;3;3;2;2;2;3;3;cat4
a486;1;1;1;2;1;1;3;3;1;1;cat3
a487;3;2;2;3;2;1;1;2;3;3;cat5
a488;2;2;4;3;2;2;2;1;3;1;cat4
a489;3;1;1;3;3;2;2;2;3;3;cat3
a490;1;3;1;3;1;1;1;3;2;2;cat4
a491;2;3;2;1;2;1;2;1;2;3;cat4
a492;2;1;1;1;1;1;1;2;2;2;cat3
a493;1;3;3;2;2;1;2;3;2;1;cat4
a494;3;3;4;3;4;2;3;3;3;3;cat5
a495;1;3;3;2;2;2;2;1;3;1;cat3
a496;1;3;2;1;2;2;1;1;2;1;cat2
a497;2;2;1;2;3;1;2;2;2;1;cat3
a498;1;3;1;2;3;1;2;2;2;2;cat4
a499;2;1;1;1;2;1;1;1;2;1;cat4
a500;2;2;2;1;4;2;1;3;1;2;cat5
a501;3;1;2;1;3;2;2;3;2;2;cat3
a502;2;2;1;1;1;2;2;3;1;1;cat4
a503;2;2;1;1;3;1;1;3;1;1;cat3
a504;2;3;2;1;2;2;2;2;2;3;cat5
a505;3;3;2;1;2;2;3;3;3;3;cat4
a506;3;2;1;2;3;2;1;3;1;1;cat3
a507;2;2;1;2;3;1;2;2;2;1;cat4
a508;2;2;2;1;4;2;1;3;1;2;cat4
a509;3;2;2;3;2;1;1;2;3;3;cat4
a510;2;2;2;3;2;2;2;3;1;2;cat4
a511;3;1;1;2;3;2;2;1;3;1;cat3
a512;2;3;3;1;1;2;1;3;2;2;cat3
a513;1;2;4;1;3;1;1;3;2;2;cat5
a514;1;3;1;3;1;1;1;3;2;2;cat3
a515;3;3;3;3;3;1;1;2;3;3;cat5
a516;3;1;1;1;3;1;2;1;2;3;cat4
a517;1;3;3;1;4;2;1;1;2;3;cat4
a518;1;2;2;3;3;2;2;1;1;2;cat4
a519;3;3;2;2;2;1;2;2;2;1;cat5
a520;1;2;1;3;1;1;1;1;3;2;cat3
a521;1;3;1;3;2;1;1;1;3;2;cat3
a522;1;3;3;1;4;2;1;1;2;3;cat5
a523;2;2;3;2;2;2;2;2;2;3;cat5
a524;1;3;1;3;1;1;1;3;2;2;cat3
a525;3;1;1;1;3;1;2;1;2;3;cat3
a526;3;3;2;3;4;2;2;3;2;3;cat5
a527;1;2;4;3;1;1;3;2;2;3;cat5
a528;2;3;4;2;2;1;3;2;3;2;cat4
a529;1;2;2;2;2;1;3;1;2;1;cat4
a530;2;3;3;1;1;2;3;2;1;1;cat4
a531;2;1;3;3;4;2;2;2;3;2;cat4
a532;2;1;2;3;2;2;2;3;3;2;cat4
a533;2;3;2;2;2;1;3;2;2;1;cat4
a534;3;2;4;1;2;1;3;2;2;2;cat4
a535;3;3;3;1;4;2;2;2;2;3;cat4
a536;3;3;4;1;4;2;3;3;3;2;cat4
a537;3;2;1;3;3;1;1;3;3;2;cat3
a538;3;3;2;1;2;2;3;3;3;3;cat4
a539;3;3;3;2;1;1;2;2;3;2;cat4
a540;3;3;2;3;4;2;2;3;2;3;cat4
a541;2;3;4;3;2;2;2;3;3;2;cat5
a542;1;3;3;1;2;1;2;2;2;3;cat4
a543;1;3;1;1;1;1;1;2;3;3;cat3
a544;2;3;3;1;1;2;3;2;1;1;cat3
a545;3;1;2;1;3;2;2;3;2;2;cat4
a546;1;1;2;1;1;1;2;2;1;2;cat4
a547;2;2;2;1;1;1;1;3;2;3;cat3
a548;3;2;2;1;2;2;2;2;1;3;cat5
a549;2;1;3;2;3;1;2;1;3;2;cat3
a550;1;2;4;1;3;1;1;3;2;2;cat3
a551;2;2;2;1;1;1;1;3;2;3;cat4
a552;3;1;1;3;2;2;3;3;1;2;cat4
a553;3;3;4;3;4;1;3;2;3;3;cat4
a554;1;3;3;1;2;1;2;2;2;3;cat4
a555;2;3;3;2;3;1;3;2;2;3;cat5
a556;3;3;4;3;4;2;3;3;3;3;cat5
a557;1;2;1;3;1;1;1;1;3;2;cat3
a558;3;2;3;3;1;2;3;1;2;2;cat4
a559;3;3;2;3;4;1;2;2;3;3;cat5
a560;3;2;4;1;2;1;3;2;2;2;cat4
a561;2;3;2;2;2;1;3;2;2;1;cat4
a562;2;1;2;3;2;2;2;3;3;2;cat5
a563;1;1;2;3;3;2;2;3;1;3;cat4
a564;2;2;3;1;1;2;2;2;1;3;cat4
a565;3;3;3;1;4;2;2;2;2;3;cat4
a566;1;1;2;2;1;2;1;2;2;2;cat4
a567;3;3;4;3;3;2;2;2;3;3;cat5
a568;2;1;1;3;1;1;3;3;3;1;cat3
a569;2;2;2;2;2;1;2;3;1;3;cat3
a570;1;1;2;2;1;2;1;2;2;2;cat3
a571;3;3;3;2;4;2;2;2;3;1;cat4
a572;1;3;3;2;2;1;2;3;2;1;cat4
a573;2;1;1;1;1;1;1;2;2;2;cat3
a574;1;1;2;2;1;2;1;2;2;2;cat3
a575;2;3;3;1;1;2;3;2;1;1;cat4
a576;2;3;3;2;3;1;3;2;2;3;cat4
a577;2;1;3;3;2;2;3;2;2;3;cat3
a578;1;3;1;3;2;2;1;2;1;3;cat3
a579;3;2;2;2;4;1;3;1;2;3;cat4
a580;1;3;3;1;2;1;2;2;2;3;cat4
a581;1;1;1;1;1;1;2;1;1;1;cat2
a582;2;3;3;2;2;2;3;2;3;3;cat4
a583;3;3;3;2;1;1;2;2;3;2;cat4
a584;2;2;4;3;2;2;2;1;3;1;cat4
a585;3;2;3;3;3;2;3;3;1;3;cat5
a586;3;2;1;3;3;1;1;3;3;2;cat4
a587;1;2;3;3;2;1;3;1;3;3;cat4
a588;1;2;1;1;4;1;1;1;2;1;cat3
a589;2;3;2;1;2;1;2;1;2;3;cat5
a590;2;3;4;3;2;2;2;3;3;2;cat4
a591;3;2;2;3;2;1;1;2;3;3;cat4
a592;2;3;3;2;2;2;1;3;2;3;cat5
a593;1;3;1;2;3;1;2;2;2;2;cat4
a594;2;1;3;3;2;2;3;2;2;3;cat5
a595;1;2;2;3;1;1;1;2;2;2;cat4
a596;2;3;3;2;4;1;3;2;3;1;cat4
a597;1;2;1;1;4;1;1;1;2;1;cat4
a598;2;1;3;2;3;1;2;1;3;2;cat4
a599;3;3;2;3;4;1;2;2;3;3;cat4
a600;3;3;2;3;4;2;2;3;2;3;cat5
a601;1;1;1;3;1;2;1;1;2;3;cat3
a602;1;3;3;2;4;1;1;3;3;3;cat5
a603;1;3;2;1;2;2;1;1;2;1;cat3
a604;3;1;1;3;3;2;2;2;3;3;cat5
a605;1;1;1;2;1;1;3;3;1;1;cat3
a606;1;3;3;2;2;2;2;1;3;1;cat4
a607;2;1;1;2;1;1;2;2;1;1;cat3
a608;1;1;1;3;1;2;1;1;2;3;cat2
a609;2;2;3;2;2;2;2;2;2;3;cat5
a610;3;2;3;1;1;1;1;2;3;1;cat4
a611;2;1;1;3;3;1;2;2;2;2;cat3
a612;3;1;1;3;2;2;3;3;1;2;cat3
a613;1;3;4;1;3;2;3;1;1;3;cat4
a614;1;1;1;1;1;1;2;1;1;1;cat2
a615;2;3;3;2;2;2;1;3;2;3;cat5
a616;2;2;2;1;1;1;1;3;2;3;cat3
a617;1;3;4;1;3;2;3;1;1;3;cat4
a618;1;2;2;3;1;1;1;2;2;2;cat5
a619;2;3;3;1;1;2;3;2;1;1;cat4
a620;3;3;3;1;4;2;2;2;2;3;cat4
a621;1;3;4;1;4;2;1;3;1;1;cat4
a622;2;3;2;2;2;1;3;3;1;2;cat3
a623;2;1;1;3;2;1;2;1;1;3;cat2
a624;3;2;1;2;3;2;1;3;1;1;cat3
a625;1;3;3;2;4;1;1;3;3;3;cat4
a626;2;3;2;1;2;1;2;1;2;3;cat5
a627;2;1;3;3;2;2;3;2;2;3;cat3
a628;2;2;1;1;3;1;1;3;1;1;cat3
a629;3;3;4;3;4;1;3;2;3;3;cat5
a630;1;2;1;2;1;1;1;3;1;1;cat2
a631;1;3;4;1;4;2;1;3;1;1;cat3
a632;1;2;2;2;2;1;3;1;2;1;cat3
a633;1;2;4;3;1;1;3;2;2;3;cat5
a634;2;2;3;2;2;2;2;2;2;3;cat4
a635;3;3;2;1;2;2;3;3;3;3;cat5
a636;2;1;1;1;2;1;1;1;1;3;cat3
a637;1;3;1;3;1;1;1;3;2;2;cat3
a638;3;3;3;1;4;2;2;2;2;3;cat4
a639;2;2;1;1;3;1;1;3;1;1;cat3
a640;2;3;2;1;2;2;2;2;2;3;cat3
a641;2;2;1;1;1;2;2;3;1;1;cat2
a642;2;1;2;1;4;1;2;1;2;3;cat3
a643;1;1;2;3;3;2;2;3;1;3;cat4
a644;2;2;3;2;4;2;2;2;2;1;cat4
a645;2;3;2;2;2;1;3;3;1;2;cat4
a646;1;2;1;2;1;1;1;3;1;1;cat3
a647;3;3;3;2;1;1;2;2;3;2;cat4
a648;2;1;2;1;4;1;2;1;2;3;cat4
a649;3;2;3;3;3;2;3;3;1;3;cat5
a650;1;3;2;1;2;2;1;1;2;1;cat4
a651;2;2;1;1;3;1;1;1;1;1;cat3
a652;1;2;1;2;1;1;1;3;1;1;cat2
a653;3;2;3;1;1;1;1;2;3;1;cat4
a654;2;3;3;2;2;2;1;3;2;3;cat4
a655;2;2;2;1;1;1;1;3;2;3;cat3
a656;2;3;2;3;3;2;1;1;2;1;cat3
a657;3;1;2;1;3;2;2;3;2;2;cat3
a658;1;3;1;2;3;1;2;2;2;2;cat3
a659;3;3;3;2;4;2;2;2;3;1;cat5
a660;2;3;2;3;3;2;1;1;2;1;cat2
a661;2;3;2;1;2;2;2;2;2;3;cat3
a662;3;2;1;1;2;1;2;2;1;3;cat3
a663;2;3;4;1;3;2;2;1;2;2;cat4
a664;2;2;2;1;1;1;1;3;2;3;cat4
a665;1;2;2;3;3;2;2;1;1;2;cat3
a666;3;2;1;3;3;1;1;3;3;2;cat3
a667;2;2;1;1;1;2;2;3;1;1;cat3
a668;1;3;3;1;4;2;1;1;2;3;cat2
a669;1;1;1;3;1;2;1;1;2;3;cat3
a670;2;2;2;1;3;2;2;2;3;3;cat4
a671;2;3;3;2;4;1;3;2;3;1;cat5
a672;3;2;3;1;1;1;1;2;3;1;cat4
a673;2;2;2;3;2;2;2;3;1;2;cat4
a674;3;2;1;1;2;1;2;2;1;3;cat3
a675;3;3;4;3;4;2;3;3;3;3;cat5
a676;2;2;2;1;3;2;2;2;3;3;cat5
a677;1;1;2;2;1;2;1;2;2;2;cat3
a678;3;3;4;1;4;2;3;3;3;2;cat5
a679;2;2;2;2;2;1;2;2;2;1;cat3
a680;2;2;1;1;1;2;2;3;1;1;cat3
a681;2;1;1;3;2;1;2;1;1;3;cat2
a682;3;1;2;1;3;2;2;3;2;2;cat5
a683;1;3;3;2;4;1;1;3;3;3;cat5
a684;2;1;1;3;1;1;3;3;3;1;cat3
a685;2;2;1;1;3;1;1;1;1;1;cat3
a686;3;3;2;2;2;1;2;2;2;1;cat3
a687;3;1;1;2;3;2;2;1;3;1;cat3
a688;2;2;3;1;1;2;2;2;1;3;cat4
a689;3;2;2;1;2;2;2;2;1;3;cat4
a690;2;2;3;2;4;2;2;2;2;1;cat5
a691;1;2;1;2;2;2;2;1;1;2;cat3
a692;1;2;3;3;2;1;3;1;3;3;cat5
a693;2;3;3;1;1;2;3;2;1;1;cat3
a694;3;2;1;3;3;1;1;3;3;2;cat3
a695;1;3;1;2;3;1;2;2;2;2;cat4
a696;3;1;1;2;3;2;2;1;3;1;cat4
a697;1;3;1;3;2;1;1;1;3;2;cat3
a698;1;3;3;2;2;2;2;1;3;1;cat4
a699;1;3;2;1;2;2;1;1;2;1;cat4
a700;1;3;3;1;4;2;1;1;2;3;cat5
a701;3;2;1;2;3;2;1;3;1;1;cat3
a702;2;2;4;3;2;2;2;1;3;1;cat4
a703;1;1;1;3;1;2;1;1;2;3;cat3
a704;2;3;4;1;3;2;2;1;2;2;cat4
a705;1;2;3;3;2;1;3;1;3;3;cat4
a706;1;3;3;2;2;1;2;3;2;1;cat3
a707;2;2;1;2;3;1;1;2;3;2;cat3
a708;3;3;2;3;4;1;2;2;3;3;cat4
a709;2;1;1;2;1;1;2;2;1;1;cat3
a710;2;2;1;2;3;1;2;2;2;1;cat4
a711;2;2;2;2;2;1;2;2;2;1;cat3
a712;2;2;1;1;3;1;1;1;1;1;cat3
a713;3;1;1;3;3;2;2;2;3;3;cat3
a714;2;3;1;3;4;1;2;1;2;3;cat5
a715;3;3;1;1;4;1;2;3;3;3;cat5
a716;1;3;1;3;1;1;1;3;2;2;cat3
a717;3;3;3;1;4;2;2;2;2;3;cat3
a718;1;3;3;2;2;2;2;1;3;1;cat4
a719;1;2;3;3;2;1;3;1;3;3;cat5
a720;2;3;3;2;2;2;3;2;3;3;cat4
a721;2;1;1;2;2;1;2;1;1;3;cat3
a722;3;3;1;1;4;1;2;3;3;3;cat5
a723;3;2;2;3;2;1;1;2;3;3;cat3
a724;1;1;1;2;1;1;3;3;1;1;cat3
a725;2;1;2;3;2;2;2;3;3;2;cat4
a726;2;3;2;3;3;2;1;1;2;1;cat3
a727;3;1;1;2;3;2;2;1;3;1;cat3
a728;1;3;4;1;4;2;1;3;1;1;cat4
a729;2;2;3;2;4;2;2;2;2;1;cat4
a730;2;3;2;2;2;1;3;2;2;1;cat4
a731;2;3;2;1;2;1;2;1;2;3;cat4
a732;3;3;4;3;3;2;2;2;3;3;cat5
a733;2;2;1;1;3;1;1;3;1;1;cat3
a734;2;3;2;1;2;2;2;2;2;3;cat4
a735;2;1;1;3;2;1;2;1;1;3;cat2
a736;2;2;1;2;3;1;2;2;2;1;cat3
a737;1;3;2;2;1;1;1;2;3;2;cat4
a738;3;1;1;2;3;2;2;1;3;1;cat4
a739;2;1;1;2;1;1;2;2;1;1;cat3
a740;1;2;4;1;3;1;1;3;2;2;cat4
a741;2;2;2;2;2;1;2;3;1;3;cat4
a742;2;3;2;2;2;1;3;3;1;2;cat4
a743;1;2;1;2;1;1;1;3;1;1;cat3
a744;1;2;2;1;1;2;1;2;1;2;cat3
a745;3;3;3;2;1;1;3;3;1;1;cat4
a746;1;2;2;3;1;1;1;2;2;2;cat4
a747;3;3;3;2;4;2;2;2;3;1;cat3
a748;1;1;2;1;1;1;2;2;1;2;cat3
a749;1;1;2;2;1;2;1;2;2;2;cat3
a750;3;2;2;1;1;2;3;1;1;3;cat3
a751;2;2;1;3;3;1;3;2;1;2;cat3
a752;2;2;1;1;1;2;2;3;1;1;cat3
a753;2;1;1;3;2;1;2;1;1;3;cat4
a754;1;3;1;3;1;1;1;3;2;2;cat4
a755;2;2;2;1;3;2;2;2;3;3;cat5
a756;3;2;1;3;3;1;1;3;3;2;cat3
a757;2;3;1;3;4;1;2;1;2;3;cat3
a758;3;2;2;1;1;2;3;1;1;3;cat4
a759;2;2;1;2;3;1;2;2;2;1;cat3
a760;1;3;4;1;4;2;1;3;1;1;cat4
a761;1;3;1;1;1;1;1;2;3;3;cat3
a762;1;3;1;1;1;1;1;2;3;3;cat3
a763;3;3;4;1;4;2;3;3;3;2;cat5
a764;1;1;1;1;1;1;2;1;1;1;cat2
a765;1;2;2;3;3;2;2;1;1;2;cat3
a766;3;1;2;1;3;2;2;3;2;2;cat3
a767;1;3;2;2;1;1;1;2;3;2;cat3
a768;1;2;1;1;1;1;1;1;1;1;cat3
a769;3;2;1;1;2;1;2;2;1;3;cat5
a770;2;3;4;2;4;2;2;2;1;2;cat3
a771;2;1;3;3;4;2;2;2;3;2;cat5
a772;2;3;4;1;3;2;2;1;2;2;cat4
a773;1;3;3;2;2;2;2;1;3;1;cat4
a774;2;3;3;2;4;1;3;2;3;1;cat5
a775;2;2;1;1;1;2;2;3;1;1;cat4
a776;2;3;3;2;4;1;3;2;3;1;cat4
a777;3;3;3;2;1;1;3;3;1;1;cat3
a778;2;2;1;2;3;1;1;2;3;2;cat4
a779;1;3;3;1;2;1;2;2;2;3;cat3
a780;1;1;2;2;1;2;1;2;2;2;cat3
a781;1;2;3;3;2;1;3;1;3;3;cat4
a782;2;1;3;3;2;2;3;2;2;3;cat5
a783;2;2;4;3;3;2;3;2;3;3;cat5
a784;1;1;1;1;1;1;2;1;1;1;cat3
a785;1;2;1;2;1;1;1;3;1;1;cat3
a786;2;1;1;1;2;1;1;1;1;3;cat3
a787;3;3;4;3;4;2;3;3;3;3;cat5
a788;3;3;2;3;4;1;2;2;3;3;cat5
a789;2;2;1;1;1;2;2;3;1;1;cat3
a790;2;3;3;1;1;2;1;3;2;2;cat4
a791;2;1;2;2;3;1;2;2;3;1;cat3
a792;1;1;1;2;1;1;3;3;1;1;cat3
a793;3;2;1;3;3;1;1;3;3;2;cat4
a794;1;3;3;1;2;1;2;2;2;3;cat4
a795;3;3;2;3;4;1;2;2;3;3;cat5
a796;3;1;1;1;3;1;2;1;2;3;cat3
a797;3;3;2;1;2;2;3;3;3;3;cat5
a798;3;3;2;3;4;1;2;2;3;3;cat4
a799;2;3;3;2;4;1;3;2;3;1;cat4
a800;2;1;3;3;2;2;3;2;2;3;cat4
a801;1;2;2;1;1;2;1;2;1;2;cat3
a802;1;2;2;3;3;2;2;1;1;2;cat4
a803;2;1;2;2;3;1;2;2;3;1;cat3
a804;1;2;2;3;1;1;1;2;2;2;cat4
a805;1;3;3;1;4;2;1;1;2;3;cat4
a806;2;1;2;2;3;1;2;2;3;1;cat3
a807;2;2;3;1;1;2;2;2;1;3;cat5
a808;1;3;4;1;3;2;3;1;1;3;cat4
a809;1;3;4;3;3;2;2;3;1;3;cat4
a810;3;3;4;1;4;2;3;3;3;2;cat5
a811;1;2;2;1;1;2;1;2;1;2;cat3
a812;2;1;1;1;2;1;1;1;2;1;cat4
a813;2;3;4;2;4;2;2;2;1;2;cat4
a814;2;1;1;1;2;1;1;1;1;3;cat2
a815;1;3;2;1;2;2;1;1;2;1;cat2
a816;2;2;1;1;1;2;2;3;1;1;cat3
a817;1;2;2;1;1;2;1;2;1;2;cat3
a818;1;2;4;1;3;1;1;3;2;2;cat4
a819;2;1;3;2;3;1;2;1;3;2;cat3
a820;2;1;3;2;3;1;2;1;3;2;cat3
a821;3;2;2;3;1;1;3;1;3;3;cat5
a822;3;2;2;3;1;1;3;1;3;3;cat5
a823;2;1;1;1;1;1;1;2;2;2;cat3
a824;2;1;1;1;1;1;1;2;2;2;cat3
a825;1;2;2;1;1;2;1;2;1;2;cat3
a826;2;3;2;2;2;1;3;2;2;1;cat5
a827;3;2;2;2;4;1;3;1;2;3;cat4
a828;2;3;3;2;3;1;3;2;2;3;cat5
a829;2;1;1;2;2;1;2;1;1;3;cat4
a830;1;2;2;3;3;2;2;1;1;2;cat4
a831;3;3;2;1;2;2;3;3;3;3;cat5
a832;2;2;4;3;3;2;3;2;3;3;cat5
a833;1;3;4;1;4;2;1;3;1;1;cat5
a834;2;2;1;3;2;2;1;3;1;1;cat4
a835;3;3;4;3;4;2;3;3;3;3;cat5
a836;1;3;2;1;2;2;1;1;2;1;cat4
a837;3;3;2;1;2;2;3;3;3;3;cat4
a838;2;3;3;2;4;1;3;2;3;1;cat5
a839;2;1;1;1;2;1;1;1;1;3;cat2
a840;2;1;3;3;4;2;2;2;3;2;cat5
a841;1;2;1;2;1;1;1;3;1;1;cat3
a842;3;3;2;2;2;1;2;2;2;1;cat4
a843;2;3;4;2;2;1;3;2;3;2;cat4
a844;1;1;1;2;1;1;3;3;1;1;cat3
a845;2;1;1;3;2;1;2;1;1;3;cat2
a846;2;3;3;2;4;1;3;2;3;1;cat4
a847;3;2;1;3;3;1;1;3;3;2;cat4
a848;2;2;2;3;2;2;2;3;1;2;cat3
a849;3;3;3;3;3;1;1;2;3;3;cat5
a850;1;2;2;3;1;1;1;2;2;2;cat4
a851;2;3;4;3;2;2;2;3;3;2;cat4
a852;2;1;3;2;3;1;2;1;3;2;cat4
a853;1;3;1;3;2;2;1;2;1;3;cat3
a854;2;1;3;3;4;2;2;2;3;2;cat5
a855;3;1;1;1;3;1;2;1;2;3;cat2
a856;1;2;1;2;1;1;1;3;1;1;cat3
a857;2;3;4;3;2;2;2;3;3;2;cat3
a858;1;1;2;3;3;2;2;3;1;3;cat5
a859;2;1;1;1;2;1;1;1;1;3;cat2
a860;1;3;3;1;4;2;1;1;2;3;cat4
a861;3;1;1;2;3;2;2;1;3;1;cat3
a862;1;1;2;2;1;2;1;2;2;2;cat3
a863;3;3;2;2;2;1;2;2;2;1;cat3
a864;3;3;2;1;2;2;3;3;3;3;cat5
a865;3;3;3;2;1;1;2;2;3;2;cat3
a866;3;1;1;2;3;2;2;1;3;1;cat4
a867;3;3;3;3;3;1;1;2;3;3;cat5
a868;3;1;1;3;3;2;2;2;3;3;cat3
a869;2;3;4;3;2;2;2;3;3;2;cat4
a870;3;2;1;1;2;1;2;2;1;3;cat4
a871;1;3;3;2;2;1;2;3;2;1;cat4
a872;1;2;2;3;1;1;1;2;2;2;cat3
a873;2;3;4;2;2;1;3;2;3;2;cat5
a874;2;2;1;3;3;1;3;2;1;2;cat4
a875;2;2;1;1;1;1;2;2;1;3;cat4
a876;3;2;2;3;1;1;3;1;3;3;cat4
a877;2;2;1;2;3;1;1;2;3;2;cat4
a878;2;3;4;3;2;2;2;3;3;2;cat3
a879;3;1;1;3;3;2;2;2;3;3;cat4
a880;3;3;2;3;4;1;2;2;3;3;cat5
a881;3;3;2;2;2;1;2;2;2;1;cat4
a882;1;2;4;1;3;1;1;3;2;2;cat4
a883;3;1;1;1;3;1;2;1;2;3;cat4
a884;3;3;2;3;4;1;2;2;3;3;cat5
a885;2;3;3;2;2;2;1;3;2;3;cat5
a886;2;3;2;2;2;1;3;3;1;2;cat3
a887;2;3;3;2;2;2;1;3;2;3;cat5
a888;2;1;2;3;2;2;2;3;3;2;cat4
a889;1;2;2;2;2;1;3;1;2;1;cat3
a890;1;2;2;3;3;2;2;1;1;2;cat4
a891;2;2;2;2;2;1;2;3;1;3;cat3
a892;1;3;3;2;2;1;2;3;2;1;cat4
a893;2;1;1;1;2;1;1;1;2;1;cat3
a894;2;2;4;3;3;2;3;2;3;3;cat5
a895;2;1;2;1;4;1;2;1;2;3;cat3
a896;2;3;2;2;2;1;3;2;2;1;cat5
a897;1;2;4;1;3;1;1;3;2;2;cat5
a898;3;3;4;1;4;2;3;3;3;2;cat4
a899;1;2;1;2;1;1;1;3;1;1;cat2
a900;3;1;2;1;3;2;2;3;2;2;cat4
a901;3;3;4;3;3;2;2;2;3;3;cat5
a902;2;3;4;2;2;1;3;2;3;2;cat4
a903;2;2;2;2;2;1;2;3;1;3;cat5
a904;2;2;2;2;2;1;2;3;1;3;cat4
a905;2;3;3;1;1;2;1;3;2;2;cat4
a906;2;1;1;2;1;1;2;2;1;1;cat3
a907;2;1;3;3;2;2;3;2;2;3;cat4
a908;2;2;1;3;3;1;3;2;1;2;cat4
a909;1;2;1;3;1;1;1;1;3;2;cat4
a910;3;2;3;1;1;1;1;2;3;1;cat4
a911;3;2;2;1;2;2;2;2;1;3;cat5
a912;2;1;2;1;4;1;2;1;2;3;cat4
a913;3;2;3;3;3;2;3;3;1;3;cat5
a914;2;2;2;1;1;1;1;3;2;3;cat3
a915;3;3;3;2;1;1;2;2;3;2;cat4
a916;1;2;3;3;2;1;3;1;3;3;cat5
a917;2;3;2;3;3;2;1;1;2;1;cat5
a918;2;1;3;3;2;2;3;2;2;3;cat5
a919;2;3;2;2;2;1;3;2;2;1;cat3
a920;3;1;1;3;3;2;2;2;3;3;cat4
a921;2;2;1;1;3;1;1;3;1;1;cat3
a922;1;3;3;1;4;2;1;1;2;3;cat3
a923;2;1;1;3;1;1;3;3;3;1;cat3
a924;1;2;4;1;3;1;1;3;2;2;cat4
a925;3;3;1;1;4;1;2;3;3;3;cat3
a926;1;2;2;2;2;1;3;1;2;1;cat3
a927;1;1;2;3;3;2;2;3;1;3;cat5
a928;1;1;2;1;1;1;2;2;1;2;cat4
a929;3;2;3;2;2;1;2;3;3;3;cat4
a930;2;2;4;2;2;2;2;2;3;3;cat5
a931;2;3;3;1;1;2;1;3;2;2;cat4
a932;2;3;3;2;2;2;3;2;3;3;cat4
a933;3;2;2;3;2;1;1;2;3;3;cat5
a934;3;3;3;2;1;1;2;2;3;2;cat4
a935;3;3;4;3;3;2;2;2;3;3;cat5
a936;2;1;1;1;1;1;1;2;2;2;cat4
a937;2;3;3;2;4;1;3;2;3;1;cat4
a938;1;2;1;3;1;1;1;1;3;2;cat3
a939;1;1;2;1;1;1;2;2;1;2;cat3
a940;2;2;1;2;3;1;2;2;2;1;cat3
a941;2;1;1;1;2;1;1;1;2;1;cat3
a942;3;2;2;3;2;1;1;2;3;3;cat3
a943;3;3;3;3;3;1;1;2;3;3;cat4
a944;1;1;2;1;1;1;2;2;1;2;cat4
a945;3;3;3;2;4;2;2;2;3;1;cat4
a946;2;2;3;1;1;2;2;2;1;3;cat3
a947;2;3;3;2;2;2;3;2;3;3;cat4
a948;3;3;2;3;4;2;2;3;2;3;cat5
a949;3;1;1;1;3;1;2;1;2;3;cat3
a950;2;2;1;1;3;1;1;3;1;1;cat3
a951;3;3;2;1;2;2;3;3;3;3;cat5
a952;3;3;2;3;4;2;2;3;2;3;cat5
a953;3;3;3;3;3;1;1;2;3;3;cat5
a954;3;2;3;2;2;1;2;3;3;3;cat3
a955;2;2;1;1;1;2;2;3;1;1;cat4
a956;3;3;4;3;4;2;3;3;3;3;cat5
a957;2;1;1;3;1;1;3;3;3;1;cat3
a958;1;3;3;1;4;2;1;1;2;3;cat4
a959;2;2;3;2;2;2;2;2;2;3;cat5
a960;1;1;1;2;1;1;3;3;1;1;cat3
a961;1;2;1;1;4;1;1;1;2;1;cat3
a962;1;3;1;1;1;1;1;2;3;3;cat3
a963;2;3;3;1;1;2;1;3;2;2;cat4
a964;2;2;1;1;1;2;2;3;1;1;cat3
a965;2;3;2;1;2;2;2;2;2;3;cat5
a966;3;2;2;3;2;1;1;2;3;3;cat4
a967;2;2;2;1;1;1;1;3;2;3;cat4
a968;3;2;4;1;2;1;3;2;2;2;cat3
a969;1;1;2;2;1;2;1;2;2;2;cat3
a970;2;2;2;2;2;1;2;2;2;1;cat3
a971;1;2;1;3;1;1;1;1;3;2;cat3
a972;2;1;2;1;4;1;2;1;2;3;cat3
a973;2;1;2;3;2;2;2;3;3;2;cat3
a974;1;3;4;1;4;2;1;3;1;1;cat4
a975;1;2;1;1;4;1;1;1;2;1;cat4
a976;2;2;4;2;2;2;2;2;3;3;cat5
a977;2;3;4;2;4;2;2;2;1;2;cat5
a978;2;3;2;2;2;1;3;3;1;2;cat4
a979;3;1;2;1;3;2;2;3;2;2;cat4
a980;1;3;1;3;2;1;1;1;3;2;cat3
a981;1;1;2;3;3;2;2;3;1;3;cat5
a982;1;3;1;3;2;1;1;1;3;2;cat3
a983;2;2;4;2;2;2;2;2;3;3;cat5
a984;1;3;4;1;3;2;3;1;1;3;cat5
a985;2;3;3;2;2;2;3;2;3;3;cat5
a986;2;1;2;2;3;1;2;2;3;1;cat3
a987;2;1;2;2;3;1;2;2;3;1;cat3
a988;1;3;4;1;4;2;1;3;1;1;cat4
a989;2;2;2;1;4;2;1;3;1;2;cat4
a990;1;2;3;3;2;1;3;1;3;3;cat5
a991;2;2;4;2;2;2;2;2;3;3;cat5
a992;3;3;3;2;1;1;3;3;1;1;cat4
a993;2;1;3;2;3;1;2;1;3;2;cat4
a994;1;3;3;2;2;2;2;1;3;1;cat4
a995;2;3;2;3;3;2;1;1;2;1;cat3
a996;3;2;1;3;3;1;1;3;3;2;cat3
a997;2;3;2;2;2;1;3;3;1;2;cat4
a998;1;2;1;3;1;1;1;1;3;2;cat4
a999;2;3;3;2;3;1;3;2;2;3;cat5
a1000;2;3;3;2;2;2;3;2;3;3;cat5
